lead,arsenic,cadmium,chromium,mercury,label
102,178,50,179,182,1
179,174,231,131,95,1
92,254,70,161,35,1
14,238,223,196,113,1
106,3,47,160,36,0
71,134,18,120,239,0
188,108,5,196,13,1
20,162,83,37,154,0
102,47,154,225,122,1
121,254,52,121,82,1
210,72,106,25,158,0
214,71,100,128,237,1
74,115,47,3,72,0
202,172,134,38,101,1
87,80,186,53,80,0
116,80,68,255,82,1
99,112,10,217,43,0
103,224,142,160,67,1
151,95,191,32,47,0
130,71,130,199,56,1
149,146,121,19,74,0
52,62,68,15,21,0
1,37,22,148,131,0
87,66,180,172,208,1
235,186,36,246,199,1
157,68,8,247,45,0
37,12,14,126,186,0
129,174,130,217,161,1
191,237,92,86,10,1
187,188,197,81,30,1
20,30,16,61,138,0
160,246,153,30,119,1
203,207,148,243,245,1
57,113,71,41,55,0
21,223,148,11,37,0
252,21,120,64,244,1
235,92,10,233,20,1
88,213,165,72,109,1
48,170,71,130,93,0
218,66,105,251,137,1
58,53,215,114,153,0
254,137,124,217,218,1
169,41,34,136,135,0
255,63,118,105,230,1
219,125,13,178,7,1
187,20,246,15,187,0
207,207,13,215,71,1
14,203,9,241,118,0
189,193,139,77,33,1
189,168,37,124,250,1
174,151,107,130,254,1
189,34,118,225,143,1
50,183,237,224,104,1
107,29,33,241,140,0
54,56,168,151,86,0
243,221,9,200,203,1
63,46,121,140,218,0
248,162,144,129,254,1
130,18,144,198,149,0
228,113,194,111,223,1
50,7,189,126,248,0
134,25,222,20,252,0
20,112,114,146,240,0
72,231,0,88,154,0
166,70,11,46,63,0
17,29,102,149,1,0
131,134,3,202,108,1
88,66,169,160,255,1
59,64,140,159,224,0
13,35,97,191,25,0
241,24,105,255,219,1
249,36,84,84,82,1
8,0,213,166,106,0
89,142,120,127,68,0
52,36,131,211,96,0
129,140,81,71,211,1
83,231,196,41,29,1
91,135,18,228,236,1
110,132,129,8,7,0
187,187,11,24,37,0
198,127,80,216,188,1
171,200,73,224,80,1
252,126,97,1,107,1
7,0,5,18,64,0
174,163,135,237,66,1
34,34,124,19,173,0
205,193,50,233,89,1
80,190,10,232,94,1
163,103,190,233,71,1
49,22,184,220,42,0
103,8,126,69,186,0
131,33,139,16,45,0
1,173,72,123,199,0
253,205,1,88,124,1
133,127,7,229,162,1
53,3,249,195,38,0
105,157,138,93,219,1
3,222,123,83,50,0
53,101,52,130,3,0
220,74,227,86,120,1
190,98,9,50,79,0
145,71,212,81,76,0
217,2,211,153,211,1
43,141,111,183,178,0
161,187,7,227,132,1
201,204,35,191,54,1
189,172,220,7,228,1
227,223,105,208,19,1
13,33,203,222,151,0
94,44,252,164,163,1
47,60,13,236,33,0
14,82,239,120,121,0
199,122,181,224,108,1
205,101,241,154,125,1
214,15,212,172,239,1
251,65,85,3,53,0
248,167,148,85,161,1
189,144,235,127,210,1
39,118,49,217,144,0
212,161,221,223,132,1
207,233,166,215,88,1
236,123,19,109,145,1
81,143,215,98,251,1
110,101,86,36,182,0
52,187,134,223,52,1
23,65,136,70,49,0
153,193,128,32,71,1
216,217,153,30,218,1
251,12,165,182,206,1
187,183,37,124,172,1
123,110,245,11,140,0
236,158,188,10,15,1
40,251,43,87,213,0
156,33,85,71,211,0
14,38,43,31,12,0
44,194,73,56,19,0
64,135,118,165,65,0
88,214,189,187,226,1
70,205,121,85,46,0
8,119,133,225,246,1
87,125,144,18,146,0
128,54,50,115,172,0
235,26,241,211,164,1
135,117,37,183,121,1
215,220,151,13,53,1
62,230,50,32,5,0
138,52,9,9,13,0
242,38,119,79,131,1
80,64,199,191,85,0
135,144,148,63,242,1
162,232,247,189,182,1
162,157,69,67,230,1
32,180,84,218,227,1
122,12,56,91,161,0
4,20,125,124,26,0
233,146,38,170,6,1
230,52,215,79,130,1
249,18,32,58,174,0
40,56,186,179,224,0
27,24,17,96,1,0
134,213,183,239,233,1
200,30,219,18,79,0
71,80,56,148,152,0
11,182,243,21,59,0
161,22,95,8,206,0
32,31,203,8,23,0
47,189,47,200,14,0
246,73,41,26,94,0
150,9,26,16,141,0
61,227,73,171,181,1
215,199,109,248,205,1
36,53,248,44,133,0
98,51,179,7,205,0
171,147,169,207,80,1
103,159,31,145,17,0
213,113,233,124,19,1
218,13,25,122,114,0
34,177,24,32,189,0
192,155,74,0,208,1
226,109,22,203,207,1
100,243,225,5,39,1
174,52,56,40,38,0
205,151,179,182,179,1
130,78,231,4,31,0
0,21,125,186,123,0
4,29,86,79,107,0
217,190,220,17,200,1
246,3,30,176,26,0
254,204,63,81,109,1
141,58,198,64,179,0
102,214,231,82,96,1
26,7,32,181,190,0
136,209,212,188,73,1
206,11,1,135,190,0
14,118,17,130,16,0
89,158,174,249,240,1
41,205,160,24,48,0
123,33,228,249,227,1
204,81,225,68,80,1
178,247,83,182,209,1
62,97,34,167,115,0
95,126,178,210,22,1
230,74,113,81,97,1
240,104,252,177,71,1
51,203,245,116,140,1
252,48,145,94,150,1
95,78,109,32,56,0
131,184,253,110,189,1
221,222,87,145,181,1
228,240,71,124,147,1
150,249,124,184,85,1
230,92,29,230,238,1
236,153,171,15,179,1
142,17,52,254,22,0
170,95,137,79,104,1
28,213,86,238,162,1
35,37,179,37,66,0
12,208,176,168,33,0
159,86,138,134,32,0
70,87,193,77,45,0
186,49,185,234,80,1
242,7,217,180,172,1
85,168,163,62,146,0
27,133,160,111,221,0
65,68,174,88,86,0
169,171,12,159,14,1
44,120,39,37,122,0
61,63,88,149,120,0
184,156,67,250,77,1
244,155,41,143,65,1
133,138,146,51,38,0
27,120,209,28,240,0
27,64,228,143,17,0
107,106,93,75,255,0
43,146,18,144,197,0
83,136,185,228,186,1
29,154,22,63,159,0
189,161,250,90,20,1
74,171,53,88,167,0
127,195,207,12,219,1
249,99,64,71,26,1
246,81,139,183,1,1
91,142,23,4,96,0
216,50,33,11,207,0
230,140,52,168,38,1
189,82,248,2,213,1
224,176,135,226,55,1
128,197,17,32,106,0
120,111,56,120,126,0
26,55,111,213,238,0
189,203,4,49,12,0
120,178,153,183,125,1
115,164,157,235,183,1
204,144,181,136,193,1
232,185,12,232,205,1
2,214,82,209,55,0
102,217,28,177,229,1
197,156,2,28,232,1
199,160,89,38,27,1
154,59,103,90,63,0
136,218,122,99,70,1
61,216,185,172,209,1
164,119,249,16,191,1
224,182,254,55,183,1
50,137,75,225,168,1
233,174,129,45,118,1
171,22,202,66,99,0
151,212,107,196,40,1
206,148,155,141,227,1
58,234,81,66,235,1
117,12,76,22,3,0
159,100,228,230,184,1
95,160,213,93,157,1
215,23,203,241,87,1
232,107,1,236,83,1
179,10,126,188,45,0
112,16,228,150,183,1
61,195,134,154,158,1
240,174,25,53,87,1
185,24,217,137,6,1
51,93,87,216,217,0
11,200,203,76,76,0
253,20,15,15,181,0
38,83,150,40,135,0
129,210,167,97,182,1
130,210,253,182,196,1
112,139,187,127,171,1
100,36,72,228,140,0
112,41,31,60,92,0
183,144,14,85,19,0
80,100,228,255,77,1
186,245,140,208,159,1
112,47,4,214,187,0
1,102,202,117,177,0
129,27,73,99,26,0
219,255,51,48,119,1
53,40,76,200,24,0
86,98,168,179,51,0
228,46,180,1,195,1
223,239,109,223,20,1
224,145,177,119,17,1
128,255,142,177,38,1
146,205,105,244,14,1
125,226,247,122,52,1
129,235,126,85,37,1
52,104,6,170,175,0
171,123,39,76,51,0
217,198,155,135,215,1
159,232,159,58,71,1
197,12,98,192,27,0
159,209,254,208,212,1
246,228,142,11,143,1
67,140,239,3,251,0
182,99,227,116,117,1
202,30,84,204,143,1
183,129,197,94,34,1
122,15,64,124,144,0
144,136,131,40,200,1
254,72,10,122,248,1
37,165,107,253,98,1
23,202,25,6,51,0
68,53,188,214,220,1
115,183,164,215,230,1
97,213,150,254,209,1
197,224,220,68,139,1
213,99,84,68,82,1
138,108,239,80,47,1
254,86,236,29,21,1
239,172,236,72,122,1
143,236,240,5,247,1
96,161,218,88,126,1
200,136,230,146,176,1
123,215,167,207,51,1
186,7,204,212,78,1
69,6,150,65,128,0
207,35,122,9,65,0
92,17,143,143,63,0
2,2,221,36,7,0
147,27,188,206,213,1
251,69,254,76,24,1
186,235,67,76,193,1
163,171,103,31,255,1
146,148,79,236,242,1
89,27,158,46,200,0
194,231,52,109,200,1
254,53,105,199,204,1
146,181,152,170,197,1
147,64,43,209,93,0
95,99,139,119,206,0
198,20,89,163,178,1
51,251,100,153,180,1
232,234,255,9,14,1
160,226,239,158,177,1
167,12,96,96,198,0
127,56,219,156,121,1
38,48,8,4,74,0
81,117,11,76,103,0
103,53,68,0,37,0
128,137,181,214,167,1
10,52,243,231,193,0
219,43,181,130,114,1
184,46,27,66,239,0
216,52,55,198,38,1
177,73,98,227,201,1
150,45,196,162,107,1
158,12,225,14,16,0
221,164,109,231,134,1
41,101,225,194,117,1
98,23,76,92,231,0
6,1,102,29,38,0
251,213,105,102,195,1
143,80,108,81,34,0
89,99,111,74,50,0
111,141,57,170,46,0
248,137,77,240,35,1
243,162,74,59,63,1
59,152,41,229,94,0
112,130,165,39,216,1
1,110,67,192,104,0
128,101,180,156,12,1
47,16,32,73,145,0
253,11,70,219,148,1
139,181,55,120,111,1
196,115,104,222,64,1
36,23,199,146,227,0
159,28,100,2,241,0
250,170,255,35,7,1
246,152,50,42,243,1
8,227,73,142,47,0
232,121,170,224,84,1
98,187,120,168,42,1
146,89,142,234,243,1
47,229,165,114,180,1
207,64,142,108,244,1
130,83,4,89,84,0
147,118,220,207,154,1
151,155,82,163,18,1
53,15,181,224,22,0
119,174,50,83,114,0
160,208,9,76,49,1
151,103,139,160,178,1
115,91,245,4,42,0
74,185,3,228,98,1
112,203,94,77,103,1
199,26,145,90,115,0
163,245,79,86,50,1
165,180,231,13,105,1
103,169,35,103,111,0
83,186,24,195,196,1
253,174,214,230,243,1
226,221,203,243,168,1
111,232,97,82,71,1
253,161,163,174,138,1
216,164,100,53,79,1
98,133,194,131,230,1
152,134,8,221,238,1
92,223,60,210,215,1
145,223,52,94,252,1
127,244,145,222,212,1
109,152,170,8,179,0
81,32,162,52,150,0
193,54,253,76,48,1
53,185,62,205,165,1
162,6,120,246,46,1
207,243,246,59,71,1
188,56,225,45,6,0
168,125,104,53,65,0
227,11,205,73,221,1
160,15,3,111,76,0
67,207,92,94,61,0
32,42,168,164,214,0
141,116,254,22,156,1
20,227,172,26,37,0
47,204,177,69,124,0
147,134,206,217,228,1
247,227,27,193,83,1
127,110,169,108,160,1
135,50,79,188,28,0
134,200,75,76,113,1
194,159,115,178,78,1
144,74,68,49,22,0
127,7,97,123,105,0
32,224,233,18,130,0
175,214,0,0,100,0
203,216,166,39,247,1
186,247,95,159,220,1
114,199,217,21,172,1
213,44,16,111,7,0
118,213,111,220,85,1
21,58,250,193,116,0
237,131,90,39,28,1
157,103,87,37,1,0
37,194,162,47,232,0
229,156,173,182,112,1
108,232,169,74,250,1
50,156,245,208,177,1
181,97,166,182,236,1
7,225,89,178,64,0
26,155,48,106,107,0
26,204,189,187,19,1
225,78,37,7,179,0
20,123,150,85,212,0
29,214,149,67,36,0
96,171,131,74,71,0
27,217,176,199,26,1
110,3,58,136,174,0
191,89,200,89,122,1
224,103,67,129,226,1
196,136,198,79,133,1
251,118,214,94,187,1
60,132,129,69,44,0
47,55,48,244,171,0
146,95,215,212,82,1
3,211,231,89,252,1
34,177,246,58,145,0
191,74,125,146,119,1
48,142,222,27,64,0
255,31,238,71,24,1
16,27,158,13,26,0
171,21,110,23,134,0
219,232,167,111,171,1
157,16,47,43,105,0
220,58,50,228,156,1
45,89,42,55,222,0
116,235,97,217,43,1
5,198,182,222,106,1
98,105,215,119,35,0
123,184,176,178,146,1
232,25,123,31,5,0
36,24,217,177,152,0
23,137,79,168,158,0
92,250,184,193,8,1
240,44,110,24,211,1
45,82,204,115,201,0
180,10,142,235,164,1
94,204,26,188,154,1
98,180,195,65,12,0
187,199,207,41,40,1
224,103,191,192,127,1
115,67,221,163,65,1
190,238,235,248,241,1
252,94,157,75,84,1
212,155,163,136,224,1
159,202,194,163,23,1
214,234,213,232,244,1
160,64,112,254,43,1
255,48,85,219,105,1
66,174,113,37,97,0
127,51,248,160,59,1
17,101,241,169,8,0
24,215,246,60,129,1
233,181,123,173,246,1
222,187,48,213,55,1
53,56,75,88,157,0
57,46,54,188,21,0
66,158,212,17,237,0
103,232,55,69,202,1
173,173,195,81,246,1
23,241,94,115,234,1
113,25,43,79,80,0
31,240,158,14,99,0
174,113,185,175,12,1
85,4,86,199,70,0
150,83,245,12,15,0
193,51,180,118,224,1
126,104,83,42,44,0
154,202,206,187,64,1
233,247,150,252,138,1
129,53,155,56,69,0
217,160,15,198,147,1
16,177,164,16,98,0
103,165,148,177,235,1
160,154,206,31,190,1
136,225,144,149,100,1
42,14,241,54,104,0
245,223,36,242,217,1
175,60,76,184,249,1
38,121,146,12,139,0
220,20,157,46,189,1
169,45,44,86,93,0
246,196,145,61,219,1
25,133,205,181,218,1
98,37,61,28,41,0
49,61,163,21,82,0
152,85,99,64,196,0
151,189,211,28,185,1
12,209,51,47,132,0
59,77,18,4,104,0
249,201,108,249,154,1
134,45,43,162,27,0
56,140,6,246,25,0
35,222,248,201,218,1
172,221,171,210,115,1
19,2,116,100,48,0
64,221,67,70,233,1
7,5,250,173,148,0
255,92,33,162,0,1
237,7,193,172,245,1
143,171,68,140,91,1
141,236,54,137,239,1
203,234,9,65,249,1
114,107,223,197,57,1
214,160,41,71,78,1
142,208,40,227,182,1
91,239,204,24,80,1
97,74,230,171,25,0
65,76,196,59,211,0
31,49,121,174,152,0
214,10,137,39,76,0
190,94,9,6,160,0
85,155,101,173,216,1
50,235,218,150,71,1
152,69,187,210,68,1
185,168,127,45,5,1
62,15,178,85,22,0
189,67,148,140,243,1
124,98,135,252,157,1
149,251,192,20,205,1
57,47,91,0,53,0
57,183,112,122,86,0
85,63,230,146,10,0
48,186,77,124,158,0
179,89,84,187,133,1
169,189,29,32,10,0
69,248,212,3,76,1
14,75,48,233,254,0
53,138,8,2,11,0
234,100,144,90,245,1
187,88,68,51,193,0
100,17,57,232,52,0
224,18,184,226,98,1
7,214,61,27,246,0
52,54,222,69,35,0
59,101,51,197,144,0
235,117,188,182,27,1
107,209,39,56,219,1
4,153,165,107,149,0
102,133,170,214,101,1
195,3,62,253,6,0
5,107,146,224,14,0
108,114,227,143,223,1
223,28,49,254,138,1
115,58,160,23,23,0
93,124,140,196,254,1
46,97,77,168,194,0
98,16,247,233,29,0
54,106,96,76,197,0
167,42,189,174,249,1
51,244,220,75,65,1
143,79,42,68,60,0
12,193,176,100,77,0
113,161,35,158,40,0
123,246,121,91,81,1
105,7,107,91,50,0
157,140,9,29,171,0
146,105,94,17,94,0
144,7,5,43,254,0
119,221,56,154,12,1
62,95,128,98,89,0
18,227,70,153,235,1
91,238,185,120,139,1
57,93,218,230,81,1
182,64,20,240,8,1
89,170,91,114,240,1
228,38,126,59,212,1
217,80,79,145,47,1
116,186,55,224,48,1
61,83,237,216,52,1
22,87,214,55,183,0
126,241,115,30,39,1
136,85,147,100,106,0
139,92,229,58,23,0
244,85,181,123,225,1
128,43,24,129,199,0
57,136,155,96,107,0
121,164,4,166,244,1
0,73,119,188,254,0
238,35,20,234,32,1
33,100,17,106,22,0
95,219,174,190,76,1
125,255,197,223,53,1
117,155,56,17,52,0
47,169,92,144,48,0
88,254,18,225,205,1
231,170,127,166,77,1
236,212,96,70,79,1
116,215,192,105,176,1
128,169,236,53,101,1
15,251,130,244,121,1
188,103,169,226,187,1
230,65,20,93,102,0
191,54,226,75,89,1
190,199,232,34,89,1
68,175,39,10,192,0
21,90,66,60,159,0
92,21,152,43,120,0
246,100,126,120,206,1
194,154,236,67,243,1
75,120,229,24,148,0
153,92,236,175,145,1
143,194,54,159,221,1
178,107,211,83,59,1
228,140,179,113,121,1
85,172,171,222,140,1
184,9,108,131,151,0
28,227,97,245,29,1
205,8,212,165,129,1
219,181,183,244,82,1
68,247,182,190,110,1
46,246,111,174,107,1
240,154,214,0,110,1
93,33,197,130,24,0
237,242,114,228,49,1
189,128,116,85,13,1
243,159,204,61,133,1
196,88,240,63,75,1
203,92,86,144,83,1
143,70,200,125,86,1
217,240,80,205,157,1
217,66,252,104,29,1
175,211,65,61,165,1
84,147,18,34,57,0
38,116,210,249,93,1
99,93,247,12,40,0
32,162,134,162,93,0
253,98,117,42,56,1
221,112,190,129,249,1
100,102,41,183,163,0
22,90,41,110,63,0
249,89,58,204,240,1
9,205,19,127,97,0
245,16,72,255,15,1
68,17,16,50,87,0
99,172,26,181,77,1
33,115,174,143,89,0
179,92,1,145,71,0
222,211,62,134,13,1
137,180,61,44,30,0
249,90,99,163,65,1
146,81,18,168,111,0
185,67,16,221,67,1
95,192,68,41,192,0
0,113,166,232,54,0
247,0,209,134,211,1
68,57,116,14,122,0
236,153,245,59,205,1
3,108,250,39,167,0
15,147,198,210,152,1
23,115,80,234,251,0
79,86,38,164,24,0
246,9,35,193,130,1
1,58,167,233,68,0
240,202,172,111,101,1
219,40,131,182,117,1
127,104,229,76,25,0
159,132,152,231,39,1
218,121,196,104,37,1
83,192,157,234,165,1
151,144,203,106,195,1
139,21,195,246,6,1
177,97,215,121,221,1
162,247,28,222,157,1
123,236,200,79,119,1
32,168,195,233,146,1
160,220,50,124,230,1
188,67,151,183,34,1
178,196,13,171,231,1
170,255,68,184,160,1
100,138,145,133,160,1
11,55,169,219,77,0
66,178,56,31,37,0
64,148,210,107,137,1
160,98,11,201,184,1
167,75,209,113,27,1
73,25,16,145,205,0
42,114,29,67,99,0
43,146,87,126,37,0
28,108,202,200,143,0
140,187,98,134,123,1
11,198,22,113,148,0
94,46,208,7,91,0
45,246,128,63,254,1
129,70,78,234,96,1
252,153,31,134,5,1
242,39,251,40,168,1
241,132,8,39,126,1
34,148,14,2,14,0
214,205,155,144,107,1
80,131,151,193,130,1
89,22,187,206,42,0
7,105,252,109,46,0
92,83,162,220,98,1
153,142,213,113,13,1
201,241,26,111,193,1
89,115,210,179,156,1
253,108,108,149,131,1
161,220,75,3,153,1
114,135,147,248,114,1
104,40,64,243,139,0
134,111,212,133,1,1
195,146,176,165,144,1
57,111,108,25,34,0
244,102,128,138,255,1
113,45,9,217,9,0
236,155,46,16,111,1
74,237,122,215,213,1
156,248,58,91,232,1
119,218,95,226,170,1
163,67,189,30,20,0
216,121,102,204,14,1
20,14,123,245,162,0
252,226,85,162,111,1
248,164,145,143,125,1
163,128,111,206,84,1
137,194,173,106,84,1
100,110,159,145,212,1
200,23,26,110,187,0
151,26,219,100,171,1
191,39,17,111,223,0
226,190,250,61,246,1
176,188,166,111,4,1
98,163,176,240,230,1
239,225,220,232,200,1
35,220,81,154,116,1
209,23,171,246,145,1
240,23,71,162,148,1
230,233,53,115,71,1
95,3,222,172,235,1
151,66,253,245,243,1
150,33,161,34,225,0
189,184,70,27,73,1
223,176,163,102,50,1
36,214,145,124,168,1
11,180,251,101,248,1
112,247,37,136,23,1
182,115,186,203,231,1
12,22,254,142,151,0
22,108,136,20,247,0
216,68,250,51,223,1
98,94,200,162,247,1
104,253,237,233,224,1
29,180,199,96,37,0
16,61,254,50,43,0
112,168,178,82,184,1
61,56,34,54,247,0
83,252,81,214,242,1
111,248,132,76,186,1
216,187,141,126,240,1
85,53,219,171,161,1
140,69,157,192,74,1
186,100,3,242,94,1
18,56,166,92,209,0
176,137,211,87,22,1
99,167,191,79,123,1
139,134,152,152,85,1
188,102,155,246,42,1
232,165,203,214,209,1
146,84,193,91,39,0
75,60,234,46,46,0
8,211,205,207,168,1
198,2,149,234,174,1
27,127,158,183,230,1
205,178,22,37,19,0
222,85,47,138,204,1
127,46,147,194,108,1
51,195,124,14,192,0
82,219,165,0,243,1
249,75,54,134,67,1
110,37,67,0,23,0
143,242,206,48,227,1
116,254,87,95,35,1
68,163,216,200,44,1
98,238,0,156,129,1
139,168,134,25,27,0
24,196,184,86,153,0
179,140,94,172,22,1
122,86,139,234,206,1
212,57,105,92,163,1
227,49,132,243,90,1
52,29,107,101,133,0
150,189,177,224,162,1
143,100,41,70,102,0
56,24,101,139,37,0
38,111,123,94,162,0
108,154,139,159,227,1
180,178,102,117,201,1
41,205,145,147,93,1
185,184,193,118,52,1
166,125,73,50,232,1
141,239,206,80,253,1
222,122,221,35,37,1
121,46,107,66,220,0
132,117,121,128,243,1
162,227,16,113,186,1
214,38,195,154,42,1
220,15,70,244,102,1
234,247,61,110,113,1
74,21,40,167,3,0
145,212,222,224,4,1
238,53,242,211,67,1
75,148,251,141,227,1
8,199,250,99,122,1
73,240,246,196,172,1
185,15,230,214,79,1
235,58,118,108,152,1
144,246,161,251,205,1
252,30,197,119,10,1
229,169,241,78,156,1
6,201,229,133,161,1
173,31,44,160,213,0
140,186,57,182,141,1
167,161,178,18,119,1
169,254,125,126,151,1
136,253,161,204,186,1
177,8,43,28,166,0
26,208,14,188,25,0
121,138,77,197,170,1
193,223,69,206,35,1
4,9,177,207,166,0
28,213,100,23,188,0
164,248,241,150,143,1
165,16,159,239,121,1
82,67,194,9,229,0
135,47,2,181,58,0
239,179,213,104,95,1
108,110,85,168,5,0
64,152,73,176,97,0
85,122,50,144,55,0
243,148,66,240,135,1
144,100,252,183,93,1
254,101,75,235,26,1
70,240,92,172,198,1
216,64,175,157,154,1
44,190,144,171,216,1
131,216,6,237,119,1
35,50,12,201,173,0
69,35,119,54,168,0
251,80,65,146,206,1
158,232,3,156,24,1
18,126,137,1,85,0
188,87,230,163,145,1
107,193,87,146,11,1
181,103,16,134,86,0
166,14,51,153,178,0
90,95,133,206,108,1
201,166,210,110,166,1
89,122,68,247,88,1
18,197,223,37,9,0
38,0,201,130,221,0
125,238,136,101,73,1
194,150,218,254,225,1
172,121,204,207,237,1
140,166,210,193,76,1
241,252,20,94,53,1
219,125,23,91,156,1
125,56,229,70,101,0
57,80,3,221,168,0
147,161,151,170,236,1
219,250,186,249,136,1
199,168,226,189,190,1
60,220,2,198,204,1
126,72,67,227,164,1
104,140,248,220,141,1
166,69,100,23,100,0
0,5,167,243,72,0
130,83,175,166,71,1
204,51,53,67,166,0
91,244,34,127,167,1
189,2,222,92,53,0
248,80,55,43,2,0
190,62,107,132,182,1
251,48,216,54,247,1
112,75,39,220,110,0
152,111,204,253,231,1
55,174,67,157,160,0
160,108,45,28,95,0
165,182,77,153,70,1
116,191,140,210,18,1
133,64,154,153,33,0
57,80,5,36,205,0
43,194,16,218,49,0
172,217,163,221,253,1
159,14,231,114,174,1
172,99,240,180,45,1
60,31,98,157,183,0
46,95,80,2,184,0
148,127,232,250,82,1
79,195,1,121,253,1
117,145,248,42,50,1
212,112,76,6,53,0
202,82,179,124,250,1
251,42,65,48,89,0
228,115,51,120,80,1
163,162,91,72,117,1
226,231,170,244,155,1
146,77,250,40,18,0
19,57,217,105,26,0
184,32,21,76,175,0
145,13,110,206,243,1
46,161,106,181,248,1
232,188,182,126,146,1
48,246,66,196,224,1
13,131,226,220,178,1
142,215,187,226,6,1
158,58,185,90,156,1
0,156,139,154,246,0
116,82,215,7,170,0
53,133,68,31,68,0
117,120,83,211,93,1
2,224,102,63,112,0
143,176,38,137,106,1
214,167,12,12,119,1
184,82,40,190,185,1
202,244,56,92,135,1
11,192,180,162,169,1
73,196,236,60,203,1
223,26,11,181,41,0
15,79,12,7,12,0
199,133,119,28,153,1
101,231,201,94,17,1
203,12,96,40,41,0
151,239,56,157,50,1
155,63,39,213,243,1
116,189,117,148,112,1
7,226,79,203,211,1
121,146,127,10,143,0
91,203,172,1,100,0
163,79,34,177,2,0
89,122,2,168,253,0
135,42,119,193,218,1
185,201,4,225,78,1
59,88,217,130,249,1
177,147,10,79,255,1
27,94,125,178,97,0
219,195,70,195,172,1
100,171,116,86,149,1
40,150,183,248,231,1
227,1,137,241,22,1
191,119,105,211,58,1
154,21,115,152,189,0
245,114,161,157,112,1
190,56,66,209,67,1
144,228,199,105,242,1
200,71,30,138,53,0
160,6,74,220,56,0
244,205,236,16,232,1
211,183,70,153,150,1
204,118,236,247,110,1
219,194,65,248,59,1
239,113,69,22,72,1
156,15,40,183,215,0
140,246,190,179,212,1
45,82,159,47,232,0
34,178,19,19,237,0
252,209,184,236,54,1
133,243,225,1,116,1
81,207,177,87,207,1
114,71,207,30,62,0
255,123,152,154,183,1
196,224,139,129,254,1
46,112,198,248,54,1
152,11,38,77,24,0
193,125,144,3,25,0
9,52,44,240,176,0
55,74,138,140,62,0
29,132,69,227,172,0
241,26,124,162,72,1
250,139,150,235,78,1
108,144,90,245,166,1
4,133,237,127,224,0
118,96,69,246,64,1
247,4,165,199,68,1
32,56,129,193,183,0
117,155,255,133,8,1
64,77,213,30,235,0
145,68,83,245,197,1
223,117,88,137,155,1
238,119,78,235,172,1
176,58,251,20,25,0
10,32,112,233,27,0
84,61,92,201,39,0
25,49,71,22,142,0
62,111,164,130,133,0
216,232,48,159,26,1
85,18,51,147,37,0
58,213,32,201,195,1
26,196,21,28,202,0
176,122,113,104,84,1
204,193,238,51,63,1
160,221,132,114,29,1
97,46,230,173,209,1
104,166,17,161,98,0
98,195,165,100,130,1
254,32,117,83,189,1
128,140,116,60,11,0
148,83,36,124,90,0
239,181,221,199,244,1
54,134,242,70,29,0
5,78,222,69,212,0
219,214,63,138,37,1
208,13,137,255,84,1
196,214,78,107,59,1
94,146,169,209,37,1
132,127,122,242,103,1
101,53,175,233,142,1
2,220,43,248,145,1
180,247,81,220,179,1
22,147,86,216,28,0
228,28,224,190,111,1
52,23,15,20,229,0
164,81,53,237,187,1
201,62,101,130,20,0
201,201,162,81,144,1
82,104,97,87,232,0
144,56,155,110,242,1
84,135,1,229,145,0
77,217,93,9,184,0
200,61,140,154,118,1
109,156,168,11,164,0
0,201,207,6,59,0
50,16,58,144,165,0
172,65,68,192,139,1
204,5,118,191,202,1
3,57,91,249,239,0
189,68,180,113,243,1
192,155,230,25,112,1
112,61,44,14,211,0
231,168,147,242,200,1
31,196,23,251,128,1
33,81,188,32,57,0
91,217,90,61,2,0
94,211,93,228,254,1
71,168,57,46,190,0
38,176,236,94,148,1
153,218,154,34,22,1
249,176,153,192,136,1
161,203,127,199,245,1
181,70,6,75,82,0
117,250,169,122,236,1
2,130,46,245,54,0
122,9,52,248,254,1
49,97,186,82,109,0
11,88,37,24,115,0
192,34,196,56,146,1
53,207,214,31,61,0
235,1,219,62,86,1
132,123,225,11,218,1
221,23,52,62,218,0
221,73,142,76,166,1
250,165,223,91,99,1
56,21,153,0,203,0
144,153,47,178,246,1
111,170,94,69,26,0
254,182,146,135,173,1
46,38,136,195,33,0
150,218,63,132,32,1
206,156,92,216,91,1
228,238,181,85,222,1
84,229,124,219,95,1
141,19,249,38,177,0
65,218,178,22,147,0
74,40,38,67,167,0
178,181,3,179,226,1
102,147,125,3,94,0
165,107,2,125,185,1
191,146,247,174,158,1
251,83,63,250,37,1
225,226,28,20,213,1
37,110,115,228,172,0
49,65,10,183,40,0
97,157,96,104,136,0
81,52,101,65,243,0
29,33,185,186,136,0
78,149,202,6,190,0
90,66,154,48,78,0
178,133,224,15,204,1
190,206,20,144,127,1
225,26,38,83,21,0
51,9,222,249,15,0
248,72,101,86,31,1
165,224,45,97,193,1
224,95,65,74,217,1
215,47,90,33,141,0
78,69,163,160,250,1
251,232,202,25,37,1
29,186,110,65,97,0
246,99,81,124,135,1
105,58,122,62,227,0
50,251,192,86,20,1
80,1,190,40,55,0
132,156,98,213,45,1
28,195,34,185,42,0
131,64,158,97,119,0
137,82,155,123,219,1
183,153,102,78,45,1
144,216,128,9,235,1
73,9,24,14,47,0
16,52,42,41,197,0
251,78,229,92,83,1
83,58,83,184,30,0
215,149,194,214,160,1
68,178,190,250,171,1
33,47,50,16,70,0
5,148,129,187,7,0
52,122,209,8,200,0
193,247,125,113,129,1
204,21,235,35,144,1
125,99,252,200,51,1
234,97,191,207,44,1
42,157,201,35,36,0
239,24,68,47,169,0
202,236,8,50,43,1
114,27,1,96,208,0
110,192,161,118,116,1
248,112,187,94,37,1
150,44,229,69,98,0
182,67,188,73,123,1
79,6,158,79,238,0
94,48,9,67,230,0
202,136,113,245,221,1
117,163,75,149,5,0
143,82,163,76,67,0
7,128,245,207,178,1
131,137,84,115,100,0
103,163,48,253,162,1
131,72,238,220,185,1
183,236,69,5,184,1
24,45,239,153,200,0
194,105,176,74,133,1
95,159,130,87,12,0
194,31,201,220,186,1
154,5,132,2,213,0
92,175,237,51,219,1
159,165,217,73,29,1
177,144,188,124,243,1
60,73,212,187,99,0
121,113,236,253,1,1
50,26,89,190,57,0
146,53,229,64,35,0
20,177,254,51,71,0
4,162,235,234,172,1
209,243,25,217,233,1
91,250,71,249,241,1
169,84,4,75,136,0
60,126,253,141,125,1
21,152,14,88,192,0
148,155,122,71,76,1
69,110,143,234,49,1
0,14,0,67,206,0
132,131,143,155,31,1
232,92,164,198,97,1
11,122,2,137,42,0
89,72,179,114,124,0
45,154,46,56,94,0
33,153,94,249,77,0
176,146,12,227,53,1
77,247,119,65,46,1
217,91,207,89,13,1
44,16,54,244,175,0
154,42,234,49,54,0
72,120,148,13,156,0
25,40,65,249,174,0
248,169,181,15,62,1
46,177,154,181,18,0
120,211,165,170,90,1
213,236,89,41,136,1
238,167,185,208,100,1
55,38,61,109,36,0
93,112,250,21,106,0
106,244,101,67,91,1
62,150,173,18,51,0
47,110,216,65,184,0
60,223,138,166,215,1
80,179,199,72,27,0
25,46,7,251,35,0
35,255,96,146,115,1
0,62,116,143,63,0
7,224,198,53,17,0
112,248,63,152,88,1
98,109,229,111,162,1
252,68,20,17,195,0
179,42,199,150,77,1
206,175,114,116,166,1
46,33,245,84,89,0
126,39,190,138,7,0
55,202,84,38,215,0
213,60,191,104,207,1
13,177,247,67,211,0
217,194,19,24,14,1
27,61,7,190,6,0
214,57,57,223,249,1
77,160,45,157,16,0
215,74,30,172,255,1
129,15,241,122,85,0
108,81,248,217,213,1
153,93,92,120,117,0
13,47,239,60,63,0
186,246,8,99,11,1
55,137,14,50,209,0
114,81,93,97,55,0
6,37,153,136,173,0
2,126,137,203,174,0
110,18,28,1,255,0
150,163,245,229,206,1
237,186,79,4,100,1
106,62,35,189,15,0
238,76,83,196,196,1
251,247,108,179,1,1
236,173,117,255,127,1
17,130,36,85,243,0
249,201,85,132,91,1
37,101,70,186,248,0
226,64,150,67,104,1
114,246,168,252,181,1
14,119,231,8,154,0
191,90,92,92,30,0
216,237,79,149,168,1
118,7,101,154,163,0
228,178,155,137,46,1
27,237,175,207,42,1
201,233,165,233,64,1
38,208,158,124,49,0
184,72,13,233,220,1
16,252,116,60,0,0
230,133,224,50,199,1
85,106,248,9,184,0
217,88,72,133,143,1
125,38,248,61,121,0
43,112,254,112,27,0
24,187,90,132,85,0
144,27,215,121,81,0
12,96,204,197,21,0
211,181,89,190,40,1
24,36,28,122,75,0
67,136,178,183,146,1
137,81,48,186,88,0
66,55,170,62,177,0
232,186,219,110,58,1
108,84,219,88,68,0
145,1,71,186,250,0
110,188,214,50,161,1
227,57,220,177,166,1
110,106,132,252,122,1
213,122,41,131,73,1
33,187,134,103,238,1
110,229,41,122,248,1
7,249,163,47,6,0
167,167,104,31,251,1
112,163,26,119,100,0
235,113,57,178,110,1
82,251,45,179,179,1
41,106,65,98,187,0
168,36,24,73,51,0
100,78,72,33,206,0
5,91,116,163,233,0
179,17,154,69,23,0
25,97,128,170,25,0
63,62,86,109,124,0
225,149,73,15,217,1
186,255,169,58,237,1
183,138,179,180,89,1
58,185,152,18,121,0
108,184,181,225,9,1
197,204,124,216,16,1
228,3,66,94,244,1
120,213,5,112,205,1
32,255,124,40,1,0
180,134,57,80,111,1
149,60,69,174,204,1
20,106,52,221,26,0
197,53,65,102,200,1
69,87,57,53,70,0
246,67,249,182,175,1
111,219,81,94,201,1
3,206,86,146,247,0
93,128,1,61,117,0
74,54,203,98,8,0
189,2,149,92,85,0
61,205,36,186,22,0
93,165,147,64,198,1
94,241,102,67,239,1
151,120,23,27,72,0
54,128,111,17,26,0
136,101,211,25,215,1
246,37,64,103,92,1
130,84,192,146,80,1
242,239,208,54,83,1
30,156,250,118,198,1
39,132,128,123,42,0
228,240,116,184,231,1
35,201,115,133,6,0
151,91,236,128,91,1
222,20,221,7,82,0
5,241,104,224,190,1
65,198,238,50,83,1
211,194,2,234,43,1
219,108,45,84,166,1
74,46,54,215,39,0
3,83,74,24,134,0
78,82,215,174,197,1
133,34,213,182,24,0
117,195,191,191,232,1
112,68,235,248,58,1
93,128,44,234,140,1
247,195,153,82,102,1
229,139,76,92,231,1
178,187,192,116,85,1
61,26,23,137,240,0
184,55,254,55,208,1
193,233,201,11,111,1
78,22,34,160,85,0
202,152,23,119,97,1
135,20,27,70,61,0
25,60,227,16,7,0
178,62,207,252,112,1
172,121,231,188,172,1
43,51,15,121,145,0
132,87,58,123,215,0
69,152,208,9,255,0
153,236,242,30,59,1
117,54,181,59,245,0
67,45,206,69,59,0
18,31,143,16,105,0
211,54,14,49,1,0
224,95,248,36,193,1
19,132,225,209,90,1
112,35,10,189,13,0
139,109,192,217,47,1
46,233,78,240,102,1
0,176,217,117,244,1
89,105,114,207,244,1
141,57,67,199,55,0
63,38,42,215,11,0
37,79,68,204,223,0
36,96,226,156,219,1
125,112,140,159,54,1
138,212,137,215,155,1
254,60,74,79,109,1
99,136,209,10,216,0
76,5,225,223,3,0
234,242,102,133,217,1
2,108,40,122,35,0
160,34,233,34,177,0
133,38,177,32,130,0
177,149,214,17,0,1
247,168,198,164,16,1
9,117,58,12,198,0
4,4,38,201,61,0
150,169,2,228,47,1
137,86,203,89,61,0
171,208,6,109,68,1
129,75,48,208,146,1
12,214,25,191,102,0
167,207,160,0,109,1
129,194,100,62,161,1
83,157,175,216,226,1
64,56,78,33,176,0
62,126,1,102,207,0
100,213,232,9,231,1
72,200,126,127,241,1
16,28,198,211,174,0
8,238,159,6,230,0
202,164,131,55,90,1
142,86,19,79,232,0
151,140,241,164,229,1
37,159,116,156,113,0
246,45,163,251,177,1
162,115,31,11,88,0
93,238,27,144,153,1
94,111,76,47,55,0
48,150,0,211,77,0
68,44,187,25,13,0
61,144,55,111,205,0
187,246,34,210,24,1
235,103,111,121,227,1
177,84,29,238,131,1
77,193,53,11,238,0
116,228,35,148,206,1
119,133,248,41,31,0
202,107,182,60,81,1
136,17,216,57,77,0
161,93,79,252,249,1
75,149,57,181,192,1
226,245,82,33,105,1
34,32,64,6,188,0
0,157,68,108,19,0
39,208,127,34,73,0
63,125,50,14,9,0
149,234,21,192,122,1
59,159,215,217,215,1
63,169,106,226,33,1
92,242,108,24,188,1
71,205,115,233,219,1
10,121,100,58,154,0
104,137,180,250,39,1
228,238,99,78,192,1
13,251,163,85,126,1
59,114,67,250,32,0
29,163,35,133,195,0
34,161,179,179,70,1
212,200,180,206,136,1
164,233,209,87,143,1
4,27,177,148,132,0
82,10,207,70,97,0
122,205,168,120,123,1
77,166,145,252,150,1
153,246,21,92,42,1
61,46,65,255,113,0
131,245,20,253,88,1
88,126,99,95,184,0
236,146,127,31,178,1
41,117,43,52,12,0
88,142,102,58,127,0
145,125,46,253,151,1
39,155,38,68,138,0
71,151,28,189,51,0
38,71,53,131,242,0
103,106,89,85,16,0
13,252,84,17,164,0
31,136,16,226,12,0
178,174,79,80,189,1
124,32,187,241,218,1
165,189,158,113,83,1
96,224,242,183,96,1
22,18,72,23,105,0
62,194,222,65,95,1
142,73,205,140,7,1
224,167,48,61,55,1
152,174,100,53,220,1
144,233,1,142,103,1
224,192,243,196,82,1
238,156,175,130,197,1
246,177,237,36,43,1
193,97,141,36,187,1
205,242,58,228,102,1
52,140,96,130,111,0
103,245,98,190,168,1
103,128,185,34,148,0
178,161,102,179,248,1
38,92,185,214,255,1
178,175,238,123,213,1
197,238,178,155,41,1
133,204,211,251,255,1
66,47,1,221,201,0
134,176,242,17,201,1
178,244,40,121,243,1
199,63,210,243,156,1
41,60,122,163,207,0
191,156,228,160,192,1
243,38,81,191,144,1
14,127,143,153,29,0
110,87,131,47,25,0
156,25,139,167,180,1
32,16,28,16,124,0
243,70,134,167,237,1
221,12,13,134,18,0
230,68,246,56,52,1
154,25,11,7,84,0
163,48,98,127,16,0
156,194,132,116,173,1
37,6,80,55,103,0
184,57,249,125,212,1
96,48,105,158,180,0
252,102,31,58,104,1
228,52,73,57,103,0
154,192,170,139,191,1
182,240,80,175,172,1
32,61,68,158,176,0
253,16,44,107,146,1
195,170,105,210,123,1
85,24,136,190,198,0
65,250,176,73,80,1
9,252,160,166,192,1
4,130,227,203,36,0
122,206,99,147,120,1
73,28,145,100,69,0
96,116,8,47,153,0
117,234,61,232,129,1
37,159,184,70,58,0
140,25,28,115,223,0
158,123,124,181,248,1
46,143,113,121,239,0
227,24,205,77,117,1
108,53,152,202,132,1
215,155,142,198,36,1
179,72,133,28,30,0
183,119,119,201,203,1
14,55,169,92,98,0
156,64,156,72,93,0
135,92,78,99,175,0
4,248,92,175,5,0
156,85,3,73,14,0
46,79,81,210,142,0
67,168,241,183,188,1
75,242,184,94,15,1
172,107,176,16,19,0
129,178,171,136,76,1
154,117,230,236,43,1
94,232,207,96,169,1
114,198,74,161,45,1
242,205,13,172,94,1
163,156,130,215,161,1
35,82,242,8,63,0
25,146,113,134,156,0
42,193,61,143,130,0
26,168,105,18,8,0
68,172,63,230,202,1
147,14,101,133,202,0
10,130,172,113,152,0
253,138,105,242,213,1
73,180,209,138,41,1
103,173,185,124,249,1
37,29,254,203,173,0
133,56,19,60,72,0
199,231,57,249,83,1
22,145,111,41,58,0
46,178,216,12,20,0
89,127,56,139,201,0
45,47,229,254,149,1
106,193,204,84,156,1
139,223,195,201,62,1
217,135,118,19,72,1
140,21,205,49,60,0
103,5,96,163,63,0
189,203,91,91,68,1
209,238,51,87,167,1
216,184,36,68,202,1
224,103,7,36,128,0
110,35,43,252,244,1
103,78,97,251,105,1
59,219,235,139,64,1
170,115,132,249,121,1
203,56,117,98,61,0
235,48,68,124,181,1
99,172,158,167,102,1
239,81,44,53,59,0
67,65,136,129,45,0
132,76,233,177,4,1
119,44,31,40,112,0
36,245,32,44,149,0
71,78,125,102,217,0
126,19,66,105,180,0
105,191,29,136,69,0
240,220,113,189,159,1
91,122,203,127,239,1
30,233,28,85,10,0
121,220,130,46,137,1
136,66,217,4,238,0
245,82,184,203,166,1
50,2,252,0,246,0
28,181,29,43,97,0
205,205,136,149,30,1
39,63,153,37,11,0
40,39,129,242,242,0
213,58,61,18,107,0
10,182,2,207,79,0
150,61,173,158,165,1
0,131,67,114,66,0
45,250,24,194,193,1
100,59,178,86,51,0
148,115,140,169,132,1
89,74,230,122,138,0
109,121,43,81,249,0
163,222,162,153,24,1
181,106,54,140,34,1
214,95,214,57,162,1
56,90,136,145,21,0
0,157,129,66,164,0
62,234,188,121,213,1
181,129,245,251,182,1
54,61,40,86,202,0
114,255,171,130,95,1
167,48,63,54,226,0
142,136,30,88,222,1
148,91,235,218,236,1
174,158,46,57,116,1
200,123,129,235,199,1
52,225,95,62,191,0
136,60,209,90,19,0
201,247,76,51,105,1
179,206,109,230,225,1
56,47,68,216,3,0
116,152,57,125,17,0
153,163,105,23,50,0
168,135,43,71,195,1
34,200,73,8,19,0
62,249,255,109,121,1
243,57,55,164,136,1
24,100,170,93,79,0
89,111,126,116,153,0
74,172,216,82,101,1
37,61,161,180,24,0
129,38,228,79,195,0
134,223,29,151,168,1
209,57,70,235,58,1
218,243,254,148,44,1
161,208,197,99,40,1
90,98,117,39,37,0
16,228,54,102,116,0
127,210,66,238,18,1
170,191,140,61,13,1
186,43,2,253,126,1
107,28,25,197,148,0
250,58,56,68,142,1
178,70,125,141,2,0
181,91,151,244,36,1
151,8,52,108,116,0
24,126,197,169,241,1
198,219,42,177,173,1
179,133,187,188,15,1
197,156,185,254,141,1
244,185,48,3,8,1
87,144,41,71,238,0
160,143,203,215,6,1
176,214,240,202,141,1
28,222,227,16,133,0
62,130,193,113,212,1
234,20,10,84,14,0
149,63,102,56,179,0
153,89,97,217,71,1
155,35,217,106,161,1
113,233,145,47,103,1
212,228,84,171,128,1
48,244,99,172,95,1
198,213,103,218,121,1
80,61,179,207,240,1
83,169,45,246,114,1
104,75,43,217,196,0
176,169,21,116,221,1
147,188,180,160,213,1
117,12,186,30,147,0
85,10,221,111,79,0
219,53,113,46,6,0
62,15,234,133,134,0
188,7,254,107,49,1
103,103,124,71,241,0
48,58,123,70,129,0
70,56,29,161,46,0
0,39,7,107,13,0
223,236,97,52,30,1
140,186,56,141,49,1
221,129,110,15,188,1
214,93,72,170,40,1
178,221,114,115,13,1
122,203,19,72,132,0
183,137,231,73,202,1
210,43,24,255,231,1
61,138,18,80,4,0
31,206,4,11,191,0
157,79,74,127,156,0
28,80,206,69,202,0
48,217,127,146,4,0
172,1,71,234,112,1
220,177,210,40,117,1
29,139,214,180,95,1
143,114,154,156,35,1
167,89,39,197,78,1
18,22,223,58,18,0
17,145,25,88,191,0
0,61,26,248,21,0
77,223,189,191,161,1
114,112,82,23,55,0
174,127,127,216,16,1
241,61,177,143,203,1
193,37,169,179,216,1
245,248,156,79,183,1
219,238,166,133,16,1
112,194,187,164,201,1
113,165,168,212,219,1
221,194,32,131,254,1
165,221,210,225,248,1
178,60,228,91,209,1
62,128,210,165,242,1
131,221,96,168,145,1
128,172,110,91,172,1
7,223,15,80,223,0
156,155,22,141,77,1
54,148,134,70,55,0
102,121,25,213,79,0
130,109,95,178,49,1
31,12,11,64,57,0
9,154,71,220,17,0
201,99,132,51,207,1
210,134,105,222,254,1
109,21,219,29,208,0
161,73,116,184,134,1
123,230,196,206,75,1
224,180,176,209,225,1
86,206,25,98,9,0
54,206,132,241,68,1
219,131,21,157,84,1
31,223,206,97,130,1
177,22,12,41,82,0
134,118,155,138,108,1
92,69,160,26,43,0
7,215,106,151,226,1
64,83,22,226,197,0
56,249,96,166,141,1
246,100,234,71,131,1
66,83,17,242,236,0
215,203,241,17,242,1
214,160,116,76,17,1
186,27,29,44,92,0
254,135,25,215,226,1
252,0,143,114,179,1
71,164,204,86,37,0
53,62,38,139,207,0
248,21,160,176,147,1
238,69,153,221,215,1
228,124,175,158,226,1
66,148,192,91,171,1
50,95,240,21,50,0
96,162,165,171,18,1
91,78,129,91,119,0
238,4,112,191,67,1
7,59,133,76,224,0
161,119,45,24,65,0
34,45,49,107,140,0
95,177,165,178,189,1
87,175,105,237,249,1
77,133,215,134,188,1
31,216,145,108,236,1
119,55,154,133,157,0
45,109,168,23,97,0
234,186,71,18,157,1
143,247,219,82,178,1
195,231,73,227,245,1
243,254,16,114,87,1
164,156,246,8,175,1
181,198,189,111,235,1
212,103,156,250,32,1
141,76,185,163,104,1
222,229,69,101,240,1
54,145,205,167,73,1
175,1,149,250,255,1
209,7,245,220,81,1
6,74,5,151,18,0
73,224,25,47,70,0
6,181,166,190,56,0
160,124,139,68,146,1
150,255,98,180,215,1
84,37,141,181,78,0
146,175,21,169,168,1
111,26,50,118,41,0
124,19,150,44,214,0
146,139,175,124,179,1
35,42,198,217,115,0
28,188,103,13,3,0
187,30,177,230,229,1
81,90,88,156,3,0
1,223,140,243,4,1
128,60,212,133,40,0
46,201,232,134,107,1
196,194,137,36,86,1
147,108,244,52,103,1
10,90,182,17,116,0
233,162,250,214,100,1
254,94,8,235,188,1
129,142,78,37,74,0
194,143,51,186,182,1
214,252,129,128,74,1
118,12,152,195,12,0
139,112,12,242,141,1
19,34,225,43,187,0
4,243,50,46,199,0
36,202,185,34,24,0
165,186,33,214,254,1
255,148,34,218,253,1
221,242,229,59,209,1
136,181,130,89,114,1
225,202,254,51,171,1
52,157,233,254,235,1
171,254,119,251,81,1
98,251,186,7,9,1
243,47,69,255,198,1
249,244,246,106,251,1
85,34,175,207,49,0
107,85,191,168,171,1
23,165,240,130,141,1
80,158,146,223,14,1
201,205,66,196,15,1
157,151,209,211,1,1
119,113,102,141,157,1
58,176,72,251,29,1
237,223,115,95,81,1
214,99,203,25,30,1
127,159,132,110,235,1
223,182,66,197,239,1
208,206,138,122,76,1
113,255,120,185,147,1
114,234,93,227,176,1
208,185,195,167,113,1
13,98,196,50,34,0
8,2,128,122,22,0
39,207,90,4,105,0
193,196,91,76,96,1
236,84,62,159,229,1
24,124,28,207,226,0
102,137,209,0,114,0
200,82,11,204,99,1
245,24,76,254,188,1
21,67,40,181,211,0
234,60,129,10,54,0
237,28,36,180,194,1
3,126,172,7,7,0
153,18,207,152,167,1
185,170,175,167,58,1
28,193,23,31,127,0
108,73,98,215,31,0
97,60,149,27,92,0
214,170,99,205,6,1
36,152,138,236,1,0
74,19,246,130,84,0
69,47,57,227,133,0
145,210,173,127,219,1
127,86,28,254,239,1
84,151,162,218,105,1
41,138,239,211,35,1
99,109,245,238,159,1
40,225,142,206,44,1
165,182,59,61,41,1
33,27,94,26,52,0
16,196,41,244,109,0
164,190,232,44,8,1
152,58,42,104,202,0
229,132,207,91,86,1
121,50,73,24,113,0
75,148,176,233,74,1
86,11,191,188,176,0
116,49,159,43,129,0
105,131,63,237,194,1
85,245,242,224,10,1
212,112,1,173,49,1
26,169,151,141,250,1
56,211,214,135,162,1
30,165,65,175,121,0
133,152,165,141,142,1
218,13,30,192,234,1
167,202,114,79,74,1
97,31,231,81,30,0
11,138,25,134,91,0
236,188,28,206,189,1
248,145,194,87,155,1
52,154,249,176,223,1
198,54,77,126,152,1
137,181,255,242,211,1
172,209,24,54,91,1
144,119,47,140,152,1
153,214,64,200,74,1
212,74,180,183,210,1
219,20,66,55,91,0
189,171,245,14,128,1
121,132,89,184,186,1
45,86,145,57,196,0
63,168,136,162,201,1
129,58,37,87,41,0
251,254,86,96,109,1
53,88,148,143,161,0
106,232,248,7,227,1
192,181,64,220,193,1
50,201,148,214,17,1
180,149,26,172,76,1
35,82,105,222,242,0
114,64,122,39,132,0
25,63,197,240,19,0
28,70,246,181,193,0
148,3,255,246,126,1
10,192,43,13,74,0
39,142,99,186,61,0
10,103,27,244,221,0
255,203,172,221,223,1
163,149,16,52,31,0
112,213,126,230,185,1
186,241,122,126,177,1
38,174,167,154,253,1
231,208,249,174,165,1
226,92,243,79,182,1
53,173,130,114,27,0
97,141,75,133,73,0
54,177,230,54,213,1
110,147,203,224,246,1
151,177,193,43,80,1
245,111,247,17,21,1
149,160,45,15,170,0
68,118,213,11,210,0
55,58,214,147,208,0
32,42,157,44,215,0
249,206,68,191,163,1
35,11,136,231,95,0
238,39,84,186,121,1
147,117,10,92,247,0
210,19,68,221,249,1
226,221,98,217,237,1
243,165,90,21,122,1
234,130,240,96,51,1
80,155,193,249,163,1
189,183,215,244,155,1
250,89,158,230,77,1
108,93,160,46,185,0
234,12,166,28,163,0
225,204,93,213,69,1
200,65,173,44,253,1
153,36,164,76,136,0
193,176,114,251,20,1
244,229,219,8,63,1
72,65,187,23,75,0
200,35,30,14,60,0
39,181,10,163,249,0
16,25,86,12,221,0
128,74,120,90,94,0
216,199,129,171,39,1
60,107,231,100,183,0
170,167,104,70,3,1
103,42,26,199,30,0
41,149,226,228,154,1
24,147,1,232,185,0
38,7,102,205,248,0
34,28,100,121,152,0
130,39,20,75,68,0
241,217,57,163,69,1
228,157,132,115,4,1
107,208,179,60,114,1
171,127,172,231,90,1
178,83,84,208,7,1
221,115,92,167,8,1
101,182,19,244,14,1
97,143,254,220,227,1
11,173,60,125,248,0
18,61,37,154,104,0
100,234,147,0,6,0
43,6,241,243,223,1
186,207,24,161,71,1
250,44,129,67,238,1
48,186,120,87,114,0
188,238,159,20,14,1
16,183,25,160,164,0
73,175,197,134,82,1
56,154,168,192,38,1
54,180,248,232,133,1
240,214,66,2,250,1
46,87,224,235,210,1
11,255,0,50,56,0
61,254,50,78,91,0
79,72,4,94,80,0
215,162,12,181,233,1
82,178,146,207,146,1
7,211,139,201,126,1
222,36,47,245,190,1
148,233,152,220,158,1
80,208,56,122,74,0
214,238,114,186,78,1
228,222,34,5,9,1
117,118,75,156,106,0
207,56,93,16,86,0
197,7,4,116,66,0
199,206,225,59,61,1
24,94,21,149,130,0
209,116,102,151,145,1
88,221,204,124,152,1
11,109,184,80,106,0
142,19,174,84,147,0
58,123,181,50,185,0
153,230,130,177,92,1
232,52,123,138,85,1
108,118,52,183,177,1
25,11,211,70,120,0
46,176,158,169,78,1
31,16,68,38,230,0
9,63,215,68,9,0
15,41,103,235,148,0
198,93,245,47,246,1
144,156,160,124,253,1
150,146,199,56,243,1
25,237,215,20,28,0
212,10,177,81,95,0
85,97,211,98,255,1
249,177,251,147,9,1
134,70,15,14,12,0
13,107,241,68,46,0
78,57,115,204,150,0
116,33,75,178,49,0
6,250,204,75,214,1
136,19,108,61,222,0
114,49,233,118,131,0
175,101,38,212,115,1
71,215,88,36,112,0
241,137,173,133,251,1
58,159,255,198,194,1
214,51,223,25,84,1
220,14,253,233,52,1
81,228,215,239,129,1
222,83,111,7,67,0
221,130,46,200,192,1
115,36,171,218,78,1
166,125,136,3,56,0
226,248,231,20,96,1
145,39,241,158,197,1
186,71,214,148,134,1
233,39,127,231,146,1
102,235,177,24,171,1
16,55,76,230,62,0
13,150,187,142,64,0
158,103,250,244,38,1
151,138,223,162,210,1
226,109,241,176,108,1
107,191,14,42,25,0
187,135,35,168,171,1
44,92,240,36,11,0
97,93,62,184,149,0
130,55,68,41,76,0
36,59,213,174,219,0
170,137,207,91,141,1
167,38,168,60,85,0
217,27,73,141,29,0
182,48,23,67,255,0
214,163,209,52,171,1
107,124,48,83,211,0
38,12,145,33,235,0
14,223,6,75,218,0
119,35,3,96,165,0
240,100,89,151,186,1
3,25,196,147,169,0
92,85,59,196,51,0
213,3,54,229,255,1
152,222,15,29,62,0
140,81,226,87,188,1
209,191,255,234,119,1
160,165,217,231,104,1
15,126,209,6,161,0
236,87,28,35,38,0
169,126,150,37,40,0
107,119,244,207,120,1
125,214,13,51,107,0
193,21,78,142,164,0
54,129,176,173,64,0
226,30,32,150,117,1
169,118,152,139,78,1
33,10,20,220,159,0
157,219,144,171,7,1
250,45,22,239,96,1
246,95,56,142,17,1
12,189,234,92,172,1
140,196,208,236,220,1
17,191,185,106,95,0
159,229,141,125,32,1
95,9,92,48,4,0
226,167,19,20,209,1
122,127,157,14,239,0
38,237,18,13,126,0
45,151,180,41,249,0
243,98,102,235,73,1
28,171,183,207,125,1
189,111,76,14,163,0
240,59,209,233,224,1
220,189,150,62,150,1
61,86,189,195,167,1
244,144,237,26,4,1
235,64,32,214,33,1
184,246,230,92,23,1
15,222,231,104,144,1
183,222,17,52,94,1
235,233,72,51,70,1
238,56,160,62,208,1
120,182,159,200,91,1
9,105,188,180,229,0
157,180,181,56,124,1
152,183,16,119,21,0
254,225,18,51,14,1
102,8,218,106,100,0
83,21,69,42,14,0
132,140,226,134,241,1
64,88,119,116,241,0
221,175,100,169,152,1
176,17,33,3,52,0
2,114,83,196,148,0
172,203,152,132,246,1
141,167,195,202,101,1
119,144,73,254,193,1
157,142,201,232,218,1
241,105,87,219,112,1
67,14,84,79,31,0
145,206,10,40,20,0
189,62,90,245,195,1
36,246,143,221,171,1
152,166,217,131,82,1
175,12,188,254,193,1
192,80,252,1,217,1
180,31,221,237,225,1
237,136,126,194,13,1
206,39,112,241,14,1
72,147,79,148,147,0
142,217,6,197,33,1
48,218,15,42,163,0
120,212,226,244,82,1
87,81,249,81,8,0
195,76,15,107,198,1
139,207,167,196,157,1
186,200,253,136,76,1
249,190,11,211,218,1
36,75,34,155,190,0
60,171,240,25,235,1
228,37,20,81,162,0
170,210,177,82,140,1
123,187,170,130,206,1
197,70,227,72,173,1
38,248,239,99,183,1
183,226,16,255,8,1
62,47,31,222,236,0
45,17,40,48,214,0
87,143,133,144,245,1
10,182,215,62,35,0
61,38,26,54,116,0
76,195,147,150,231,1
225,186,152,33,2,1
152,88,65,104,225,1
198,223,136,104,18,1
51,61,91,68,155,0
3,231,180,14,22,0
58,140,60,174,103,0
71,108,165,2,240,0
147,80,2,210,236,1
92,240,211,155,134,1
62,228,197,2,104,0
53,133,102,101,203,0
116,210,224,3,252,1
242,76,54,87,141,1
236,248,0,158,45,1
109,187,100,44,142,0
73,89,197,186,194,1
106,13,44,44,14,0
225,94,225,250,50,1
56,53,174,74,215,0
217,131,206,164,243,1
168,251,236,192,109,1
240,38,25,8,7,0
249,71,120,144,68,1
2,24,141,117,189,0
119,76,249,64,178,1
5,159,181,130,62,0
4,186,198,238,67,1
4,229,45,25,205,0
53,190,254,180,143,1
46,165,121,158,211,1
214,119,30,25,151,0
176,219,215,22,5,1
8,52,58,29,118,0
98,221,222,9,56,1
19,194,28,71,30,0
121,155,105,235,5,1
240,130,223,216,226,1
60,236,16,63,206,0
122,245,141,149,156,1
233,225,231,142,66,1
162,207,163,122,202,1
177,149,255,104,130,1
81,95,185,183,155,1
61,252,239,248,73,1
144,165,23,73,113,0
215,199,108,147,96,1
2,246,190,104,175,1
159,71,245,46,79,0
226,61,90,86,122,1
229,184,24,52,137,1
12,5,186,180,32,0
119,205,31,128,227,1
124,31,115,1,194,0
238,98,81,57,196,1
88,137,109,146,139,1
72,130,145,189,184,1
67,255,36,205,43,1
141,186,25,71,12,0
100,75,136,229,151,1
97,176,251,139,171,1
10,58,226,153,56,0
104,30,63,26,95,0
183,92,71,28,143,0
66,254,147,14,223,1
122,68,181,173,108,1
219,189,105,244,228,1
28,51,85,252,119,0
136,88,210,128,99,1
194,126,157,59,148,1
152,168,52,106,110,1
225,30,91,219,203,1
75,253,98,184,50,1
169,212,234,2,20,1
8,249,190,114,59,1
206,83,10,145,178,1
39,230,30,51,20,0
24,126,176,59,106,0
4,149,239,33,125,0
138,131,230,95,244,1
186,12,99,220,133,1
225,44,221,88,72,1
215,126,86,59,192,1
123,169,146,153,75,1
206,113,139,230,185,1
37,176,14,199,77,0
71,19,158,18,133,0
250,243,170,245,64,1
132,204,100,110,85,1
175,80,164,233,33,1
89,181,206,21,55,0
145,163,28,220,74,1
197,224,113,160,2,1
36,128,106,165,169,0
59,142,153,127,189,1
175,204,107,236,5,1
204,16,129,237,5,1
27,151,83,34,190,0
196,57,14,106,147,0
204,71,243,127,148,1
80,241,131,194,1,1
113,218,213,82,217,1
39,108,49,137,222,0
44,22,165,218,89,0
223,173,22,142,55,1
61,71,58,138,95,0
92,7,89,110,9,0
114,58,114,89,86,0
185,217,74,250,249,1
66,110,155,23,69,0
55,186,247,76,150,1
39,12,193,223,219,0
97,166,122,100,112,1
39,228,135,131,29,0
90,240,156,12,127,1
204,155,138,200,77,1
236,216,228,184,164,1
32,188,17,240,54,0
5,15,182,97,223,0
215,118,253,119,48,1
146,1,49,36,33,0
79,245,141,47,104,1
167,209,117,198,171,1
91,254,201,0,242,1
96,144,226,59,21,0
58,29,136,249,30,0
58,102,226,139,134,0
47,12,138,148,104,0
168,95,190,138,148,1
12,241,107,43,15,0
106,220,203,114,19,1
44,237,66,185,42,1
88,93,180,107,171,0
180,81,166,43,46,0
169,12,77,77,113,0
99,170,183,225,18,1
190,212,155,161,47,1
154,93,74,24,223,0
165,148,38,252,206,1
187,111,24,131,196,1
6,54,20,191,138,0
132,80,137,115,206,1
234,167,170,118,156,1
44,210,14,217,241,1
57,115,210,143,44,0
248,142,47,9,195,1
242,200,85,108,240,1
30,179,148,193,163,1
22,201,187,34,175,0
169,107,115,210,86,1
137,222,235,133,14,1
159,52,223,18,109,0
106,214,49,186,171,1
180,127,150,180,194,1
157,179,140,243,95,1
38,157,68,242,201,1
158,160,3,7,167,0
81,56,219,205,101,1
99,51,77,9,85,0
1,136,199,194,141,0
205,181,8,165,190,1
76,110,120,28,80,0
220,0,114,14,212,0
11,43,162,86,50,0
38,226,100,22,111,0
193,74,148,209,206,1
223,97,185,45,255,1
12,207,145,210,185,1
45,8,96,27,14,0
154,31,199,25,64,0
112,14,242,9,87,0
232,139,240,174,182,1
16,224,255,3,246,1
103,236,80,54,75,1
222,205,42,65,9,1
97,248,94,66,237,1
187,184,225,134,233,1
191,135,5,54,41,0
87,71,213,207,243,1
108,154,205,30,252,1
162,189,66,73,94,1
239,11,139,18,10,0
69,64,99,155,117,0
210,106,11,80,143,1
157,231,236,155,124,1
198,41,65,146,200,1
73,189,1,228,238,1
232,114,142,86,77,1
223,138,150,19,146,1
225,102,156,12,158,1
62,170,80,76,200,0
155,94,223,42,227,1
59,16,134,138,180,0
78,224,221,175,230,1
221,159,155,142,245,1
36,249,141,144,89,1
220,220,171,181,7,1
21,212,157,49,151,0
195,84,208,27,135,1
147,167,159,210,210,1
95,150,237,3,110,0
227,55,69,21,175,0
241,133,114,213,157,1
67,85,87,118,57,0
218,177,5,100,85,1
191,101,26,38,54,0
16,164,81,33,200,0
11,236,87,96,121,0
149,191,228,43,249,1
144,242,119,169,189,1
137,53,23,39,107,0
117,199,101,96,254,1
192,232,33,139,47,1
21,176,167,129,131,0
217,226,46,250,164,1
119,114,206,155,135,1
250,138,202,73,128,1
209,87,213,85,219,1
49,48,245,208,197,1
13,148,23,89,46,0
191,114,64,66,227,1
174,193,17,198,244,1
28,62,43,235,202,0
203,103,75,199,4,1
163,82,56,211,177,1
250,102,106,75,23,1
226,155,155,226,174,1
179,250,231,208,17,1
124,16,123,91,83,0
203,5,198,232,155,1
6,146,150,9,204,0
28,183,212,85,4,0
138,229,161,255,29,1
32,27,138,101,0,0
133,193,213,184,85,1
110,37,233,224,81,1
78,118,162,213,173,1
159,36,115,107,68,0
178,114,92,164,30,1
202,243,41,204,197,1
57,67,27,90,90,0
214,213,122,191,183,1
25,217,209,78,216,1
225,176,205,85,92,1
173,42,209,221,126,1
225,163,219,106,155,1
28,57,23,167,15,0
3,12,135,100,53,0
208,51,105,225,180,1
98,57,117,107,139,0
140,31,236,59,19,0
232,208,52,225,81,1
38,104,199,249,161,1
14,227,131,47,246,0
118,246,218,116,180,1
28,187,99,226,191,1
156,237,4,105,150,1
74,82,224,146,108,0
115,185,48,199,154,1
31,251,97,230,112,1
129,98,29,32,16,0
174,237,71,43,175,1
205,103,102,252,148,1
83,183,62,219,177,1
21,250,174,164,167,1
202,27,25,111,125,0
26,128,184,88,222,0
194,169,36,35,2,0
80,209,225,80,16,1
125,47,6,87,188,0
235,39,126,148,49,1
183,96,167,129,121,1
91,190,91,30,89,0
220,203,166,107,86,1
20,199,189,224,5,1
46,215,102,29,155,0
207,207,219,203,199,1
100,113,254,171,54,1
186,131,205,11,253,1
83,165,52,50,185,0
5,235,241,120,172,1
146,154,229,176,199,1
184,136,131,243,146,1
196,110,233,151,101,1
130,143,209,151,28,1
250,183,107,249,150,1
0,75,111,187,110,0
57,30,152,138,159,0
123,215,6,12,9,0
165,118,229,90,90,1
14,141,155,199,176,1
161,236,196,73,192,1
188,24,66,255,230,1
162,254,107,199,28,1
63,33,222,191,186,0
240,66,110,19,44,0
24,249,233,71,194,1
23,151,249,72,50,0
11,253,147,70,238,1
17,117,82,77,100,0
14,233,239,27,222,1
235,72,123,129,127,1
207,25,138,120,10,0
26,147,103,42,213,0
71,191,66,7,81,0
59,103,214,12,127,0
173,9,6,212,226,1
216,210,150,110,5,1
144,66,188,219,66,1
92,151,198,34,61,0
52,4,109,22,132,0
7,194,33,45,136,0
78,185,105,253,27,1
26,26,146,14,255,0
173,207,57,129,210,1
49,112,8,60,219,0
243,14,47,114,218,1
198,162,114,203,204,1
130,203,209,63,252,1
92,104,40,248,37,0
191,180,47,51,42,1
171,43,172,163,116,1
180,25,233,194,148,1
23,174,24,68,218,0
59,161,115,66,189,0
121,214,77,248,45,1
130,94,107,174,197,1
147,177,24,82,165,1
45,83,146,1,48,0
14,139,38,171,202,0
152,214,118,228,238,1
221,131,78,191,232,1
205,86,79,245,244,1
198,175,26,208,208,1
16,182,103,77,247,0
125,111,73,27,38,0
235,128,190,218,70,1
83,245,67,53,126,0
227,88,242,201,157,1
8,65,146,66,148,0
165,157,254,163,0,1
175,130,27,101,216,1
248,121,212,119,159,1
187,148,122,190,250,1
62,216,238,152,248,1
213,83,205,213,135,1
245,176,160,47,68,1
244,115,239,166,29,1
116,213,137,46,114,1
129,212,82,221,7,1
87,189,29,20,112,0
71,252,21,157,18,1
138,224,2,91,235,1
63,115,100,158,58,0
204,37,104,120,182,1
208,252,209,115,157,1
71,142,202,153,78,1
20,249,175,234,35,1
17,249,1,149,54,0
221,109,203,148,43,1
63,179,53,0,154,0
81,206,5,164,76,0
109,45,106,76,77,0
238,24,250,84,100,1
94,20,167,45,181,0
165,215,235,136,175,1
31,120,220,144,29,0
10,121,122,46,38,0
44,132,221,212,238,1
216,69,1,222,12,1
32,112,200,230,121,1
251,106,110,58,143,1
101,111,1,53,171,0
168,107,92,85,198,1
135,46,224,11,111,0
10,214,201,191,246,1
213,195,225,246,246,1
178,90,235,5,154,1
87,17,182,52,44,0
40,148,199,143,252,1
144,219,100,89,118,1
75,226,245,4,34,0
120,213,187,72,206,1
45,103,96,173,155,0
159,150,110,231,226,1
206,191,5,13,6,0
79,194,235,171,189,1
53,39,126,190,241,0
85,241,103,105,109,1
91,137,236,221,113,1
147,88,146,51,50,0
160,179,223,115,45,1
201,240,154,25,19,1
167,199,0,52,95,0
159,246,234,108,37,1
241,202,243,28,188,1
251,60,32,18,103,0
96,191,253,46,31,1
1,4,39,135,153,0
224,121,31,22,57,0
32,236,196,116,166,1
232,180,16,105,147,1
204,54,125,162,81,1
157,36,7,222,49,0
160,55,56,52,206,0
76,186,41,226,51,1
115,236,97,95,85,1
153,101,136,185,114,1
149,92,119,4,149,0
102,196,86,15,52,0
193,72,162,16,212,1
165,58,241,159,65,1
102,239,198,101,231,1
89,1,206,249,116,0
173,192,180,223,42,1
121,103,53,255,81,1
241,187,83,179,150,1
142,50,241,19,204,0
225,29,24,111,63,0
105,10,66,119,254,0
118,219,251,193,232,1
171,107,189,211,136,1
48,75,182,110,112,0
103,166,173,209,134,1
202,89,151,0,168,1
60,204,225,57,53,0
194,122,45,92,64,1
122,199,21,220,1,1
133,190,138,210,131,1
8,191,175,171,77,0
5,188,7,231,31,0
72,124,38,5,99,0
102,181,234,107,129,1
222,219,162,102,103,1
159,121,48,49,241,0
40,93,45,117,242,0
113,200,37,109,191,1
203,102,135,199,141,1
7,222,53,87,147,0
71,185,164,19,88,0
177,212,218,245,233,1
91,183,91,13,48,0
61,238,39,132,135,1
83,161,33,168,219,1
61,246,95,39,190,1
110,30,78,33,173,0
250,51,235,123,148,1
126,88,126,207,86,1
6,75,16,44,159,0
202,128,160,198,7,1
83,182,174,79,222,1
207,21,109,70,100,0
131,39,51,154,15,0
133,100,117,77,39,0
57,110,207,77,105,0
21,128,220,171,26,0
153,64,8,32,103,0
126,248,32,32,104,1
2,190,187,43,145,0
126,233,112,19,34,1
40,181,220,244,112,1
187,169,204,110,51,1
105,148,148,163,142,1
13,78,185,6,190,0
202,208,84,159,52,1
209,21,196,239,90,1
245,165,9,194,80,1
11,98,5,166,103,0
86,236,247,220,65,1
11,207,114,23,112,0
140,7,120,213,241,1
24,189,140,69,30,0
44,174,64,111,60,0
242,16,19,215,191,1
121,16,56,103,100,0
146,245,238,214,104,1
54,89,45,53,232,0
237,140,135,37,97,1
99,144,9,73,33,0
172,165,200,79,242,1
135,80,112,202,182,1
220,239,232,31,58,1
118,77,194,44,2,0
52,172,138,60,16,0
182,5,11,197,77,0
31,162,137,215,205,1
50,109,152,224,45,0
43,13,176,52,165,0
81,238,176,127,34,1
197,71,216,178,128,1
145,188,10,75,253,1
210,142,189,183,111,1
149,53,117,26,156,0
36,252,163,165,131,1
95,26,38,61,60,0
55,12,52,17,96,0
104,240,217,126,144,1
58,158,205,108,155,1
130,244,230,102,177,1
155,247,55,191,89,1
201,162,103,246,135,1
242,59,128,76,161,1
34,5,55,116,58,0
188,196,117,103,17,1
92,213,131,157,94,1
181,57,252,244,186,1
190,48,29,48,154,0
206,150,11,168,15,1
96,216,247,115,249,1
134,161,34,140,9,0
75,25,76,161,103,0
48,46,179,99,75,0
93,4,158,221,149,0
212,217,101,124,15,1
158,19,234,24,11,0
185,133,86,193,74,1
188,197,195,127,211,1
23,58,51,99,178,0
147,191,79,145,128,1
36,241,134,4,26,0
3,145,21,18,194,0
219,131,220,169,11,1
107,16,74,17,29,0
125,248,183,253,8,1
19,13,224,120,52,0
187,205,57,31,188,1
151,12,92,148,53,0
49,134,191,9,164,0
176,127,250,36,192,1
178,43,102,176,169,1
95,118,139,85,48,0
104,142,6,12,3,0
163,18,127,182,191,1
249,62,250,144,78,1
116,234,54,8,178,1
97,238,230,87,90,1
255,235,105,171,199,1
227,162,61,205,251,1
65,80,239,45,187,0
78,162,89,135,214,1
161,146,231,118,78,1
163,147,200,164,218,1
5,99,232,18,158,0
38,162,97,190,102,0
169,159,236,219,110,1
242,121,76,173,199,1
114,175,182,232,221,1
185,43,118,93,57,0
245,103,35,198,246,1
124,151,88,250,233,1
11,60,151,249,81,0
130,124,171,25,131,0
236,144,144,231,238,1
17,70,129,45,234,0
39,106,140,117,21,0
20,49,158,251,130,0
142,64,92,45,78,0
224,98,113,202,98,1
98,31,27,13,174,0
25,163,187,84,37,0
7,140,154,62,160,0
99,197,142,71,205,1
239,57,222,2,175,1
221,127,231,27,192,1
86,141,206,124,116,1
41,164,32,156,240,0
171,111,19,86,25,0
13,206,169,145,135,1
77,238,139,162,49,1
1,253,100,254,207,1
118,67,200,76,37,0
36,39,22,75,137,0
68,186,199,174,41,1
165,207,223,113,36,1
236,219,111,132,153,1
40,143,13,230,219,0
61,189,90,74,139,0
245,131,152,249,211,1
59,172,76,58,48,0
124,89,246,202,141,1
110,27,84,58,45,0
13,95,108,238,162,0
247,236,30,233,28,1
230,193,228,46,11,1
216,30,239,94,115,1
83,2,121,222,81,0
129,245,106,140,43,1
230,135,53,77,193,1
69,23,132,112,1,0
144,14,140,108,186,0
122,170,155,105,16,1
88,158,42,88,137,0
248,200,88,32,17,1
27,230,114,96,21,0
65,44,98,189,82,0
162,193,46,78,57,1
228,7,230,15,52,0
4,70,70,43,0,0
254,247,165,185,215,1
192,107,223,119,60,1
167,114,66,229,227,1
203,102,61,133,216,1
183,233,108,107,227,1
163,124,166,216,253,1
44,56,36,142,158,0
150,207,118,3,30,0
46,226,241,55,254,1
30,29,85,63,65,0
138,201,125,195,146,1
9,229,135,221,52,1
194,145,208,161,203,1
117,113,51,218,201,1
13,196,90,94,94,0
79,116,32,55,236,0
201,220,237,31,252,1
92,166,80,235,253,1
9,59,41,230,149,0
75,97,203,115,22,0
93,170,111,8,243,0
104,125,237,190,214,1
0,172,125,104,142,0
132,150,154,199,153,1
19,196,239,77,130,0
7,93,135,160,86,0
170,133,150,86,147,1
203,183,251,20,124,1
0,121,105,54,108,0
56,252,124,75,39,0
63,237,112,184,120,1
117,107,63,129,38,0
211,3,122,140,119,1
27,92,253,125,199,0
120,150,220,250,17,1
106,5,113,131,168,0
164,31,19,83,197,0
174,105,15,177,154,1
228,145,144,114,227,1
203,14,207,47,142,0
164,167,18,122,36,1
48,121,119,77,185,0
240,95,247,29,4,1
119,200,135,28,230,1
43,228,165,135,253,1
55,201,37,139,72,0
155,211,180,40,134,1
110,5,92,229,40,0
206,111,104,25,211,1
133,119,99,49,9,0
107,122,89,1,189,0
250,190,158,54,153,1
188,66,43,103,67,0
147,105,187,183,229,1
113,138,75,13,23,0
77,42,246,133,77,0
129,144,144,233,168,1
200,95,78,127,192,1
254,131,72,103,144,1
36,190,166,253,108,1
19,195,169,94,23,0
25,80,175,80,154,0
28,40,139,216,6,0
0,210,95,60,72,0
118,132,88,223,106,1
34,159,102,11,98,0
197,213,145,240,121,1
228,247,206,12,11,1
244,197,223,146,84,1
58,34,5,171,2,0
68,21,121,239,78,0
160,192,235,88,84,1
240,211,170,94,9,1
178,149,115,58,32,1
205,111,162,36,45,1
11,246,225,24,58,0
233,10,229,15,51,0
19,204,247,248,5,1
180,250,181,165,129,1
241,233,248,170,28,1
215,2,61,240,118,1
250,136,196,249,167,1
42,59,209,86,96,0
125,75,143,141,188,1
225,86,135,133,195,1
216,13,88,216,250,1
49,224,95,22,67,0
28,17,125,125,156,0
184,112,89,59,228,1
38,250,243,234,189,1
222,232,85,139,59,1
183,72,158,140,123,1
238,22,234,99,83,1
170,201,137,102,40,1
177,82,183,225,214,1
150,124,120,133,236,1
171,174,75,62,209,1
37,68,244,37,112,0
83,46,91,127,216,0
150,115,69,49,64,0
127,255,250,253,245,1
125,214,147,179,191,1
44,29,132,39,78,0
51,24,22,7,62,0
79,155,136,188,225,1
177,225,57,7,175,1
233,236,186,103,147,1
123,247,220,224,117,1
118,111,207,33,36,0
7,238,181,235,63,1
241,24,45,206,218,1
84,73,21,227,85,0
128,205,191,187,242,1
246,233,7,56,132,1
7,248,122,226,33,1
156,237,19,173,38,1
95,57,178,21,66,0
101,93,77,86,208,0
4,118,38,39,61,0
238,126,36,172,87,1
85,168,177,182,151,1
174,24,161,178,130,1
33,77,74,85,108,0
192,98,117,132,198,1
54,115,103,94,88,0
118,47,160,12,247,0
217,225,30,27,66,1
170,9,122,249,78,1
201,98,53,83,220,1
157,202,171,224,177,1
113,10,33,207,28,0
209,84,241,61,73,1
144,148,198,92,31,1
25,213,121,86,86,0
135,172,112,23,38,0
46,134,245,97,136,0
231,246,61,6,100,1
112,208,22,165,243,1
75,191,45,36,231,0
218,125,55,252,141,1
71,63,134,67,67,0
88,1,117,225,191,0
45,75,216,169,147,0
195,120,188,85,27,1
32,41,130,132,13,0
0,209,250,191,171,1
146,53,165,177,225,1
30,250,211,233,76,1
207,74,161,86,222,1
141,15,112,245,224,1
52,240,43,251,115,1
47,242,127,14,166,0
68,17,107,222,27,0
104,226,157,122,191,1
89,244,16,200,88,1
189,186,58,106,31,1
219,89,137,249,136,1
193,143,98,180,155,1
241,5,83,152,249,1
191,184,255,88,94,1
197,107,145,124,16,1
62,234,44,112,116,0
72,174,107,212,214,1
160,238,218,136,76,1
168,47,186,246,54,1
88,41,61,239,9,0
175,75,58,165,79,1
12,187,176,149,133,0
72,76,227,106,175,0
244,131,190,86,202,1
76,230,214,176,249,1
158,245,159,67,115,1
232,129,137,220,194,1
202,217,10,14,219,1
67,58,101,64,252,0
97,154,69,53,168,0
124,26,122,157,78,0
101,78,232,92,59,0
237,254,189,19,204,1
131,71,174,32,41,0
101,6,33,232,115,0
18,190,227,235,247,1
197,110,100,99,108,1
225,118,144,251,208,1
81,173,231,213,70,1
140,62,103,76,155,0
232,231,181,134,101,1
22,123,203,135,12,0
82,11,212,155,251,0
108,140,39,172,208,1
74,253,18,106,14,0
128,42,66,200,35,0
87,16,81,216,219,0
253,62,180,119,14,1
53,252,242,207,237,1
198,208,63,73,116,1
88,119,82,10,74,0
212,35,46,30,55,0
142,212,5,255,94,1
64,7,15,11,131,0
75,68,199,123,226,0
249,89,239,222,225,1
198,207,145,77,51,1
142,35,179,178,218,1
148,27,175,171,137,1
146,117,170,95,221,1
59,92,38,49,172,0
92,174,255,116,83,1
216,75,176,16,28,0
160,100,112,162,249,1
48,157,139,128,52,0
223,150,236,156,156,1
240,143,137,178,150,1
34,13,70,63,184,0
171,201,109,252,177,1
101,70,54,131,20,0
217,236,128,86,111,1
10,179,48,155,170,0
98,123,163,15,137,0
199,124,20,62,232,1
109,36,36,75,75,0
205,28,115,180,29,1
73,194,23,84,124,0
193,142,54,108,50,1
173,227,24,16,160,1
8,174,134,167,145,0
2,173,126,140,77,0
84,179,233,179,21,1
25,18,208,57,63,0
71,204,92,223,20,1
47,105,93,164,128,0
193,20,70,241,240,1
197,63,224,78,106,1
155,164,198,203,115,1
116,26,121,60,123,0
220,54,23,112,142,0
153,243,10,120,35,1
152,28,72,206,46,0
11,147,11,33,181,0
132,24,34,69,213,0
225,69,190,16,31,0
47,62,195,239,185,1
36,163,227,240,173,1
206,129,219,248,53,1
43,149,184,19,160,0
227,223,140,200,249,1
14,15,22,58,232,0
42,145,82,68,250,0
175,196,233,214,166,1
86,181,228,160,22,1
69,99,166,101,170,0
45,29,87,119,182,0
241,44,79,205,1,1
107,18,96,144,193,0
122,214,139,56,165,1
170,33,33,82,246,0
236,140,198,224,242,1
20,170,74,128,156,0
150,61,158,12,243,0
106,117,220,237,109,1
246,220,127,154,123,1
79,99,189,197,66,1
46,21,140,186,230,0
116,179,30,5,70,0
123,179,129,96,163,1
142,110,102,93,28,0
24,163,14,109,118,0
35,72,56,226,164,0
202,230,74,150,112,1
50,242,33,137,249,1
14,146,102,50,227,0
67,37,195,146,214,0
20,69,74,50,44,0
140,115,28,219,15,1
213,238,193,86,239,1
18,78,252,67,30,0
33,184,15,83,161,0
77,147,166,210,49,1
124,8,76,41,192,0
195,31,36,218,209,1
239,131,80,56,121,1
116,49,148,225,189,1
51,81,171,195,231,1
237,4,123,247,170,1
26,147,18,165,183,0
156,86,198,61,247,1
238,125,101,6,14,1
155,74,135,111,175,1
34,164,76,252,48,0
135,21,228,198,208,1
143,185,193,177,171,1
105,67,40,179,9,0
163,220,253,25,19,1
157,43,202,153,69,1
145,33,215,245,7,1
1,76,197,18,172,0
176,41,60,8,33,0
76,136,25,60,252,0
131,105,70,19,223,0
89,94,248,105,178,1
88,134,102,236,245,1
93,67,210,49,233,0
202,146,69,207,3,1
6,233,106,245,107,1
94,221,156,80,241,1
107,158,106,149,166,1
73,127,102,140,211,0
38,162,193,139,23,0
140,184,18,9,215,0
158,84,67,64,54,0
70,188,185,223,25,1
190,158,69,157,24,1
55,82,112,7,35,0
240,94,56,148,70,1
169,180,164,21,201,1
188,31,60,17,185,0
41,65,91,193,238,0
183,186,29,175,11,1
35,115,198,171,128,0
83,137,200,8,115,0
195,129,152,194,177,1
117,193,224,53,152,1
6,59,126,25,207,0
53,215,192,212,132,1
128,16,114,93,82,0
171,95,5,219,195,1
119,143,17,99,5,0
172,15,9,25,25,0
105,45,91,33,112,0
46,166,138,7,102,0
122,244,224,137,119,1
140,158,192,47,182,1
118,106,76,182,166,1
149,87,100,106,8,0
117,128,83,241,44,1
20,138,192,53,243,0
213,118,51,205,13,1
219,84,194,167,111,1
136,3,209,118,54,0
25,70,232,142,136,0
8,153,205,80,14,0
14,110,30,244,36,0
9,49,218,145,177,0
215,139,144,95,126,1
121,94,182,101,116,0
120,208,109,150,83,1
124,224,92,61,71,1
169,202,163,45,95,1
71,91,228,86,110,0
151,223,153,98,148,1
207,64,52,38,184,0
48,46,144,142,104,0
153,219,85,52,146,1
90,180,252,215,220,1
36,105,152,191,57,0
67,198,1,190,94,0
49,129,246,219,117,1
151,105,85,79,5,0
18,23,132,15,3,0
99,3,3,103,42,0
59,107,163,230,92,1
166,18,5,69,41,0
201,153,243,193,2,1
88,202,148,245,128,1
145,39,204,140,235,1
146,49,117,107,182,0
163,170,228,46,14,1
201,74,246,250,46,1
224,236,88,8,84,1
182,194,153,190,173,1
241,11,182,33,57,0
68,194,166,208,222,1
174,233,211,218,198,1
48,26,160,156,208,0
226,112,13,164,247,1
107,181,55,170,210,1
225,193,227,85,38,1
160,48,80,114,251,0
118,143,148,63,130,0
148,129,45,151,157,1
208,59,143,198,34,1
149,181,237,33,249,1
175,29,15,175,184,0
36,83,119,11,156,0
142,165,83,150,177,1
162,27,156,206,189,1
219,24,219,254,51,1
198,95,7,96,117,0
159,124,87,120,13,0
10,9,130,140,162,0
137,187,216,86,155,1
200,41,18,101,185,0
77,39,96,95,29,0
76,224,65,172,89,1
252,76,78,113,134,1
184,247,85,226,166,1
253,104,123,192,94,1
152,117,201,46,68,1
1,41,209,57,162,0
63,46,149,236,241,1
34,164,45,132,238,0
6,245,112,120,126,0
84,207,90,204,51,1
145,236,140,117,141,1
66,21,32,4,62,0
41,184,132,187,252,1
117,211,217,95,35,1
124,241,76,242,90,1
166,106,154,20,151,0
168,26,120,151,167,1
240,40,127,127,156,1
202,79,77,123,52,1
230,161,151,145,108,1
23,159,66,20,149,0
187,217,238,53,71,1
45,88,114,137,14,0
18,65,62,151,112,0
67,11,112,103,68,0
217,167,93,110,115,1
101,72,226,212,191,1
41,75,47,216,3,0
31,89,190,115,74,0
166,200,205,187,145,1
108,9,11,56,41,0
237,95,155,250,240,1
35,248,171,127,29,1
231,225,220,150,142,1
228,175,170,149,69,1
96,19,144,195,182,0
163,38,39,161,180,0
130,59,176,119,15,0
72,65,84,69,110,0
135,64,56,155,103,0
96,178,86,94,200,1
122,123,83,98,106,0
69,163,191,166,122,1
168,151,202,41,161,1
230,245,184,150,26,1
195,154,120,69,12,1
12,129,225,207,227,1
48,158,201,1,154,0
59,56,73,151,72,0
129,77,106,144,196,1
187,193,123,108,242,1
4,28,197,64,85,0
171,14,99,69,30,0
26,11,215,68,2,0
159,100,203,120,29,1
148,155,42,108,148,1
7,83,118,59,98,0
229,124,22,246,133,1
199,102,154,177,219,1
49,23,185,92,159,0
66,148,248,11,169,0
245,137,236,102,228,1
43,109,36,174,189,0
124,77,133,194,216,1
57,100,64,111,159,0
2,145,133,64,98,0
85,215,177,154,85,1
69,141,21,47,215,0
129,161,104,87,166,1
214,127,87,61,63,1
171,57,152,43,117,0
1,75,124,146,157,0
101,149,78,186,190,1
208,247,89,135,113,1
34,197,199,54,223,1
97,35,50,107,158,0
214,172,215,46,86,1
29,163,175,1,39,0
115,21,101,252,160,1
7,205,252,221,190,1
149,126,197,221,24,1
43,79,245,112,163,0
185,188,226,166,151,1
35,99,105,172,94,0
196,183,192,159,185,1
76,216,59,192,166,1
220,95,45,165,45,1
30,160,35,204,204,0
46,172,185,10,137,0
248,163,203,137,214,1
54,147,165,111,209,1
207,17,10,186,31,0
105,37,11,89,96,0
189,194,169,247,163,1
157,150,241,54,155,1
120,223,38,147,143,1
54,108,198,208,15,0
143,122,138,16,17,0
11,143,35,67,135,0
144,186,51,132,233,1
143,196,30,187,207,1
139,195,32,150,246,1
135,148,140,173,247,1
211,103,145,51,74,1
2,242,168,137,197,1
143,205,57,173,0,1
29,230,183,155,189,1
236,222,151,96,124,1
22,205,200,170,252,1
91,197,127,153,203,1
114,139,30,182,248,1
103,143,54,241,37,1
117,80,252,47,219,1
4,236,232,28,44,0
211,86,9,26,185,0
103,141,187,145,80,1
247,60,129,103,128,1
107,198,229,59,31,1
64,45,14,201,135,0
120,31,2,249,117,0
29,14,42,105,39,0
148,43,158,68,183,0
83,144,197,201,190,1
197,168,66,113,234,1
149,53,55,20,237,0
209,238,62,151,215,1
199,43,202,101,73,1
230,97,14,130,110,1
31,4,108,231,102,0
160,108,115,94,102,1
244,26,91,189,73,1
15,115,137,104,163,0
203,86,165,228,216,1
37,103,46,124,251,0
243,255,56,1,113,1
225,122,49,65,122,1
252,205,241,230,56,1
141,78,70,112,73,0
35,42,142,169,82,0
224,96,145,235,237,1
150,244,81,161,172,1
113,30,115,41,78,0
236,98,104,19,207,1
65,16,87,96,129,0
104,219,1,67,92,0
84,82,103,172,195,0
1,109,83,235,244,0
218,181,225,74,49,1
248,189,42,124,28,1
200,214,153,169,222,1
192,31,70,46,80,0
74,167,165,4,9,0
66,140,93,216,154,1
179,250,41,48,116,1
189,211,132,123,232,1
150,34,138,36,142,0
153,132,64,161,59,1
195,200,33,200,235,1
209,28,119,197,158,1
54,69,0,145,148,0
5,254,210,205,59,1
162,152,129,18,250,1
149,94,212,205,57,1
170,21,147,39,168,0
142,193,60,16,173,1
85,172,214,187,44,1
59,68,148,98,123,0
100,251,87,92,25,1
243,218,67,41,101,1
233,88,126,208,50,1
11,71,139,122,163,0
238,246,21,106,51,1
48,128,147,71,208,0
41,211,81,64,50,0
165,171,128,108,130,1
81,86,29,52,252,0
172,95,125,227,13,1
34,74,96,134,176,0
157,166,23,237,204,1
215,238,13,132,232,1
233,53,35,23,218,0
157,87,196,27,0,0
205,202,202,61,184,1
133,156,23,234,144,1
66,53,187,16,239,0
79,217,94,228,177,1
6,15,54,19,225,0
179,98,204,2,13,0
13,19,207,164,245,0
72,45,23,217,246,0
142,194,204,142,186,1
148,192,151,50,80,1
162,126,181,175,2,1
65,57,25,135,97,0
90,180,193,140,39,1
129,110,79,175,88,1
162,128,165,2,124,0
209,80,237,192,193,1
205,193,64,72,161,1
19,156,240,158,217,1
209,83,74,104,94,1
255,69,178,117,8,1
9,7,162,153,93,0
24,28,42,208,83,0
193,111,28,183,20,1
24,178,164,33,220,0
252,160,80,136,250,1
53,130,185,61,24,0
32,187,53,119,101,0
163,162,38,114,121,1
94,196,41,12,171,0
13,218,155,68,24,0
64,107,28,168,136,0
109,203,170,76,102,1
79,211,130,0,189,0
53,108,243,88,235,1
237,19,137,255,153,1
124,72,186,46,56,0
179,166,233,3,36,1
130,3,141,227,15,0
226,242,203,190,36,1
168,245,174,179,75,1
133,18,41,9,151,0
24,101,93,27,25,0
140,218,159,120,19,1
116,172,31,125,136,1
225,170,169,133,214,1
135,140,159,154,102,1
148,140,25,247,28,1
225,187,114,139,30,1
195,184,128,61,18,1
24,85,55,179,147,0
78,219,252,175,214,1
67,51,121,66,234,0
172,110,105,173,26,1
187,180,129,224,93,1
11,108,80,73,84,0
31,85,157,94,43,0
127,42,119,142,162,0
95,210,230,198,112,1
91,199,198,35,198,1
140,243,51,141,149,1
30,199,90,247,73,1
77,41,136,111,254,0
19,89,21,205,86,0
145,239,33,130,142,1
220,114,109,112,93,1
59,25,48,244,97,0
190,150,128,109,140,1
133,42,72,113,251,0
159,76,83,66,131,0
92,155,52,125,209,1
42,136,210,85,55,0
253,19,99,18,150,0
129,183,123,226,96,1
59,210,167,203,97,1
150,239,44,181,33,1
210,38,195,68,99,1
30,178,136,9,226,0
242,11,104,232,144,1
4,206,255,160,155,1
210,222,149,140,13,1
161,182,145,127,161,1
9,205,203,98,111,0
88,10,105,178,74,0
129,153,42,31,184,0
125,41,166,202,204,1
10,154,200,111,96,0
177,10,133,229,120,1
252,37,210,23,54,1
158,97,47,34,193,0
55,170,125,82,225,0
206,18,238,69,116,1
200,191,6,167,92,1
214,133,207,181,36,1
82,173,196,108,195,1
136,115,15,171,203,1
98,229,128,189,25,1
148,112,114,233,249,1
72,169,36,98,188,0
155,219,230,195,219,1
189,64,210,32,66,0
237,98,245,204,83,1
114,231,164,55,201,1
6,71,124,163,179,0
79,186,80,181,17,1
143,51,191,234,180,1
251,117,217,146,190,1
96,174,213,170,180,1
3,119,61,11,244,0
3,6,71,10,26,0
102,10,188,69,30,0
39,102,124,255,218,1
16,60,160,139,105,0
100,67,65,218,128,0
102,152,29,40,5,0
123,139,238,152,10,1
51,153,19,105,161,0
220,101,187,2,230,1
51,109,81,2,211,0
163,139,106,83,190,1
123,170,248,155,180,1
165,50,201,150,212,1
230,116,151,175,212,1
177,164,247,194,17,1
62,45,131,169,20,0
228,52,36,215,18,1
115,87,131,106,3,0
190,207,76,167,76,1
61,120,88,133,209,0
255,12,204,19,115,1
252,88,145,138,156,1
226,124,252,95,24,1
6,117,250,123,183,0
154,53,87,154,76,0
91,184,193,20,253,1
213,115,175,235,190,1
13,117,32,239,154,0
198,3,57,113,187,0
228,74,210,12,210,1
252,223,200,85,48,1
85,48,27,34,64,0
132,6,34,46,165,0
253,109,248,213,82,1
182,121,230,155,179,1
129,10,124,148,0,0
61,91,137,237,167,1
218,181,64,145,80,1
148,232,41,158,20,1
245,214,84,187,85,1
229,172,136,124,14,1
78,22,187,109,49,0
148,241,110,36,230,1
137,27,14,20,47,0
214,234,226,13,230,1
57,110,184,216,159,1
119,56,68,90,48,0
166,25,104,231,195,1
132,152,249,59,107,1
64,53,149,123,44,0
12,28,63,22,31,0
212,210,40,222,131,1
217,96,214,110,244,1
241,163,70,123,192,1
236,13,55,156,96,1
212,77,150,174,198,1
180,34,235,29,200,1
81,29,24,114,192,0
228,91,218,89,79,1
172,16,104,211,145,1
159,194,133,37,53,1
163,207,118,82,126,1
208,237,161,26,174,1
226,157,190,216,133,1
240,243,8,103,65,1
187,92,59,229,136,1
138,172,124,115,195,1
190,78,48,214,108,1
148,109,224,220,22,1
51,247,50,14,245,0
255,216,187,186,106,1
182,178,69,2,236,1
116,101,36,9,170,0
25,105,30,206,50,0
253,250,225,119,71,1
195,46,168,207,102,1
33,180,61,144,152,0
51,63,92,127,79,0
111,245,185,210,162,1
251,243,13,10,144,1
81,249,163,175,17,1
231,165,163,132,251,1
226,63,244,68,154,1
232,86,78,63,142,1
220,216,7,249,251,1
179,233,153,13,80,1
156,6,35,49,106,0
165,21,47,153,68,0
41,80,84,71,79,0
20,209,27,68,142,0
41,240,195,134,41,1
140,168,189,126,237,1
112,73,207,15,33,0
104,137,213,182,47,1
191,184,203,77,210,1
16,134,207,100,135,0
119,239,50,55,238,1
136,124,103,104,137,1
168,49,229,131,253,1
128,229,169,227,4,1
129,218,100,47,115,1
59,51,28,247,175,0
47,160,126,16,116,0
28,0,81,110,153,0
96,235,9,163,213,1
9,180,105,69,107,0
241,187,166,79,22,1
57,161,209,92,61,0
255,3,0,227,12,1
187,144,38,37,136,0
231,131,20,100,240,1
20,170,64,239,19,0
27,245,14,61,255,0
202,217,131,120,91,1
246,3,187,47,107,1
33,0,60,9,184,0
7,70,147,232,228,0
186,221,137,35,151,1
213,177,86,156,107,1
199,200,104,205,32,1
176,188,33,3,147,1
78,34,123,43,187,0
144,7,109,55,175,0
187,252,175,41,63,1
86,151,32,254,29,1
87,210,97,227,107,1
172,35,230,113,72,1
210,177,60,236,108,1
68,243,9,140,240,1
159,122,181,173,144,1
171,42,83,254,99,1
192,26,64,209,13,0
86,31,76,160,18,0
100,77,0,20,70,0
7,120,132,207,58,0
76,145,79,78,194,0
199,155,14,245,96,1
248,251,240,184,43,1
86,156,27,68,159,0
42,15,222,252,110,0
128,98,22,69,10,0
108,46,239,229,105,1
178,250,108,66,1,1
151,186,106,47,217,1
226,30,144,203,124,1
151,3,112,227,195,1
16,164,97,160,144,0
132,16,140,35,208,0
147,38,141,160,219,1
20,47,138,158,93,0
231,173,27,148,167,1
57,217,41,26,214,0
158,175,223,218,173,1
109,38,98,71,215,0
227,232,60,247,92,1
138,131,122,100,3,0
179,29,63,189,165,1
142,157,30,95,62,0
210,21,80,127,28,0
134,202,238,25,18,1
242,65,200,65,90,1
27,107,9,139,28,0
50,11,7,21,247,0
234,221,148,16,227,1
185,35,204,6,162,0
4,17,58,106,115,0
4,89,177,67,69,0
93,180,196,127,122,1
245,254,197,36,22,1
95,198,29,37,230,0
7,252,222,95,45,1
63,0,144,138,254,0
137,126,202,0,171,0
37,185,19,152,175,0
110,89,47,41,179,0
223,86,200,179,7,1
111,89,129,151,182,1
219,236,36,180,65,1
80,133,128,234,204,1
222,69,131,183,167,1
135,43,99,62,248,0
255,199,53,80,212,1
103,151,121,7,158,0
152,85,24,186,243,1
72,18,130,172,175,0
193,100,8,26,99,0
206,145,213,51,60,1
177,94,214,145,111,1
194,253,203,90,51,1
48,100,201,85,165,0
35,29,33,15,218,0
125,248,42,65,35,1
67,169,73,4,111,0
77,32,93,81,86,0
104,201,21,130,182,1
168,228,69,218,84,1
216,11,241,117,12,1
121,117,129,80,164,0
118,93,93,207,46,0
189,154,193,69,89,1
254,166,31,114,231,1
113,136,105,6,198,0
9,245,143,49,237,0
148,148,203,141,230,1
163,75,0,165,21,0
139,246,244,231,166,1
90,28,71,206,214,0
231,160,175,110,57,1
1,234,49,46,29,0
117,189,140,111,145,1
12,116,14,160,253,0
180,14,52,42,105,0
159,1,171,90,145,0
94,179,7,28,237,0
143,230,73,127,73,1
31,116,45,184,166,0
31,171,68,228,93,0
123,181,113,132,153,1
225,17,146,220,70,1
10,2,238,95,6,0
9,134,165,187,196,0
14,170,122,116,64,0
16,209,138,69,45,0
167,235,116,129,17,1
145,165,42,69,140,0
182,164,19,109,152,1
200,185,147,170,231,1
152,160,20,131,7,0
231,107,81,55,73,1
58,186,56,220,159,1
77,94,177,186,144,1
123,121,73,88,101,0
249,10,97,136,78,1
216,67,153,247,78,1
113,122,157,130,120,1
21,209,200,217,175,1
243,195,109,175,62,1
157,112,114,170,39,1
211,97,158,218,242,1
212,92,41,99,83,1
171,215,246,223,14,1
31,21,67,128,98,0
178,193,188,56,133,1
173,171,188,180,221,1
112,126,69,245,120,1
119,133,77,143,62,0
148,169,195,50,135,1
226,24,89,111,222,1
121,246,110,202,127,1
31,184,111,217,111,1
221,84,102,103,110,1
118,54,144,126,31,0
38,250,18,54,44,0
240,143,252,0,121,1
11,94,178,89,179,0
232,141,240,155,206,1
174,166,69,52,81,1
17,155,62,185,12,0
148,223,220,72,23,1
140,219,74,187,167,1
253,178,207,186,13,1
148,118,157,107,219,1
125,176,152,149,202,1
135,8,103,7,69,0
45,185,74,249,61,1
103,172,127,176,119,1
237,149,198,41,88,1
134,159,153,154,188,1
150,196,55,166,0,1
235,214,21,210,216,1
223,196,88,24,193,1
202,41,18,37,125,0
255,52,158,84,31,1
85,223,25,151,140,1
149,186,169,23,160,1
234,73,168,251,31,1
88,250,227,59,55,1
21,38,22,210,151,0
91,121,46,177,90,0
28,14,12,110,3,0
12,198,216,65,215,0
209,156,65,141,22,1
1,122,193,52,28,0
28,110,143,159,97,0
212,130,72,105,148,1
206,82,155,95,29,1
179,9,76,219,89,1
26,91,162,175,147,0
49,28,168,38,143,0
94,206,204,167,66,1
206,34,30,41,176,0
242,5,84,110,100,0
150,139,159,103,57,1
87,110,181,76,231,0
43,37,225,203,171,0
204,76,199,7,24,0
21,92,58,206,22,0
170,146,40,25,235,1
164,66,111,139,186,1
188,135,193,42,128,1
96,7,229,178,96,0
183,246,95,109,142,1
2,121,181,218,127,0
190,83,167,209,80,1
117,174,121,236,225,1
18,131,155,99,208,0
22,178,164,62,179,0
156,84,104,48,185,0
29,194,192,114,168,1
38,44,232,154,171,0
107,135,73,136,3,0
110,86,182,246,204,1
24,15,131,166,195,0
127,76,98,64,134,0
228,194,125,198,45,1
110,239,137,217,250,1
135,8,174,70,8,0
105,59,74,243,214,1
185,77,13,6,160,0
143,76,37,199,32,0
71,244,139,79,83,1
128,248,44,66,131,1
107,70,144,236,64,1
4,14,207,137,245,0
2,70,162,241,105,0
192,101,193,198,33,1
131,225,74,212,218,1
103,168,252,180,84,1
226,21,168,253,87,1
223,151,194,100,206,1
63,112,28,94,226,0
105,228,17,86,191,1
97,171,19,184,152,1
234,0,238,90,54,1
216,9,13,247,136,1
9,234,161,213,16,1
148,207,176,102,148,1
127,109,53,248,187,1
45,199,30,125,140,0
230,183,57,154,130,1
218,112,103,181,195,1
154,216,169,112,3,1
65,49,185,3,234,0
168,11,127,87,219,0
111,88,209,150,6,0
12,208,157,175,25,0
136,187,24,210,202,1
243,153,190,169,23,1
163,237,252,2,234,1
85,111,18,90,9,0
233,77,199,2,228,1
89,168,219,155,12,1
57,163,135,190,124,1
53,120,222,80,171,0
11,22,2,158,233,0
208,170,194,137,38,1
205,133,235,176,146,1
13,238,254,213,178,1
120,196,85,93,18,0
161,170,208,125,75,1
180,24,227,112,51,1
120,17,144,148,213,0
19,189,141,99,174,0
74,140,242,52,228,1
143,42,8,86,119,0
242,77,189,229,157,1
222,27,93,203,45,1
246,145,148,88,203,1
69,58,203,53,220,0
55,187,164,184,148,1
210,62,223,19,74,1
100,184,138,112,123,1
185,91,19,48,228,0
131,178,34,233,47,1
110,55,52,134,61,0
124,154,174,28,57,0
131,159,109,47,17,0
19,110,202,220,107,0
137,136,179,12,186,1
23,231,135,2,218,0
245,223,3,1,228,1
226,211,154,15,47,1
153,219,171,93,62,1
36,224,167,101,11,0
229,67,101,133,214,1
212,45,46,44,33,0
53,248,93,70,253,1
231,225,171,132,188,1
102,239,47,55,101,0
148,66,239,198,86,1
201,153,90,225,180,1
37,135,212,126,24,0
173,5,179,31,189,0
3,207,83,48,131,0
187,23,251,12,221,1
56,175,67,157,221,1
172,230,138,24,140,1
19,93,204,212,169,0
16,172,124,59,254,0
118,12,72,58,48,0
70,196,3,212,77,1
3,24,75,155,183,0
220,147,72,239,174,1
13,117,76,57,135,0
2,81,47,19,54,0
215,110,255,161,215,1
228,81,153,132,17,1
79,65,101,209,34,0
185,201,105,187,216,1
54,246,76,230,208,1
243,44,38,170,159,1
131,113,219,56,247,1
119,174,57,184,151,1
253,62,18,202,6,1
23,75,87,53,12,0
161,238,210,208,125,1
157,204,112,111,218,1
81,113,76,172,111,0
146,110,76,85,68,0
158,248,185,36,99,1
187,182,27,83,89,1
59,202,244,47,41,0
146,146,65,251,108,1
48,34,9,117,158,0
62,230,125,181,201,1
109,52,213,47,109,0
210,25,204,111,25,1
149,237,57,109,213,1
151,13,200,5,75,0
108,117,224,161,31,1
75,44,141,190,90,0
29,171,124,77,224,0
57,215,111,175,124,1
229,232,83,22,244,1
116,192,142,125,125,1
158,50,95,83,51,0
99,170,32,12,147,0
191,118,144,46,102,1
18,213,151,43,104,0
175,150,157,104,167,1
172,183,189,159,186,1
227,245,140,153,204,1
93,18,189,241,13,0
182,81,250,180,171,1
112,75,46,13,103,0
182,182,111,179,116,1
224,219,143,120,213,1
145,91,193,35,209,1
62,187,208,7,47,0
115,186,223,167,92,1
112,32,42,213,170,0
250,146,7,149,143,1
219,27,243,15,109,1
250,122,2,90,162,1
46,179,124,119,52,0
202,252,11,187,161,1
56,125,83,252,2,0
251,176,15,59,67,1
117,36,77,9,245,0
44,153,207,152,132,1
160,98,58,30,137,0
144,97,244,20,51,0
197,126,176,218,156,1
3,226,62,80,95,0
147,167,189,32,30,1
239,79,234,30,65,1
46,37,48,241,203,0
218,76,50,233,90,1
142,125,245,217,68,1
197,86,32,148,164,1
46,251,29,35,154,0
77,53,186,192,86,0
123,149,75,131,32,0
74,15,14,67,67,0
102,27,81,89,186,0
136,239,254,131,191,1
89,162,91,240,212,1
143,187,253,8,87,1
68,172,22,29,171,0
248,45,205,114,94,1
243,71,93,44,107,1
60,235,224,3,239,1
137,182,44,68,215,1
49,246,61,252,176,1
2,213,206,236,52,1
204,84,198,22,73,1
106,25,14,15,48,0
112,231,243,21,112,1
93,84,233,228,113,1
253,152,45,71,193,1
117,232,63,47,94,1
236,64,229,189,190,1
197,133,173,224,24,1
80,150,183,246,131,1
250,114,248,187,178,1
108,63,245,229,138,1
50,86,171,106,144,0
244,170,74,207,107,1
146,106,156,132,193,1
169,150,222,207,197,1
34,95,189,6,200,0
45,157,216,50,68,0
153,76,51,64,83,0
242,234,181,8,156,1
68,145,87,81,84,0
92,86,56,44,200,0
63,206,82,121,219,1
164,224,65,174,252,1
211,148,149,194,118,1
48,56,19,151,71,0
148,102,32,219,222,1
73,150,71,9,19,0
191,90,24,72,26,0
4,44,45,204,7,0
99,171,72,47,245,0
69,209,97,162,84,1
89,87,56,181,60,0
3,114,86,86,155,0
125,46,132,110,214,0
230,167,54,208,197,1
38,178,60,237,2,0
241,169,88,198,196,1
162,134,7,243,200,1
128,49,15,15,6,0
23,175,245,52,187,0
56,83,175,39,3,0
99,90,236,99,230,1
69,133,115,254,132,1
40,90,60,19,138,0
181,136,14,215,124,1
173,244,192,238,14,1
59,108,149,68,191,0
107,56,130,44,225,0
187,30,101,5,12,0
56,20,53,219,117,0
30,89,13,250,239,0
83,39,35,253,6,0
151,111,209,196,103,1
216,44,238,176,5,1
35,76,104,38,183,0
212,176,81,101,63,1
157,86,66,129,230,1
151,147,9,106,177,1
107,100,48,38,29,0
105,245,230,117,21,1
157,116,110,148,152,1
85,91,64,167,155,0
219,144,218,228,117,1
134,27,56,250,83,0
162,168,26,81,166,1
182,193,202,53,194,1
219,24,112,239,132,1
13,57,132,109,192,0
119,241,70,11,142,1
137,40,82,208,89,0
79,133,56,164,194,0
143,74,119,109,167,0
181,248,92,37,120,1
222,252,14,142,232,1
105,37,226,6,238,0
216,133,110,77,105,1
204,172,100,177,225,1
69,74,118,64,243,0
43,141,75,101,68,0
72,65,157,194,94,0
44,167,19,100,242,0
227,2,164,43,76,0
183,246,130,30,170,1
106,116,72,170,0,0
83,98,121,76,149,0
81,224,40,47,61,0
249,151,166,254,206,1
106,18,153,81,153,0
184,145,129,126,17,1
20,191,22,208,47,0
195,240,22,208,136,1
177,115,250,188,0,1
160,124,212,202,234,1
218,87,143,83,136,1
6,236,8,9,255,0
69,34,12,28,150,0
126,189,155,47,106,1
142,0,154,225,172,1
209,227,50,208,249,1
159,152,63,245,129,1
247,172,51,189,141,1
202,176,208,115,37,1
147,251,37,233,39,1
215,125,99,12,190,1
142,234,192,171,81,1
175,225,145,46,15,1
198,88,190,102,126,1
148,143,50,191,116,1
169,225,136,90,92,1
153,220,140,245,235,1
235,146,167,52,202,1
119,150,54,217,133,1
127,210,108,91,2,1
141,24,206,76,13,0
56,15,170,203,251,0
164,181,43,43,65,0
57,242,109,155,223,1
20,72,195,1,94,0
81,128,160,100,202,1
68,41,151,56,85,0
130,146,163,56,194,1
86,224,242,33,113,1
217,161,127,214,158,1
164,79,104,57,160,0
215,235,9,253,253,1
48,103,99,179,215,0
146,182,147,236,128,1
114,145,253,156,171,1
88,33,232,34,14,0
84,88,108,74,36,0
127,124,107,175,154,1
139,44,202,32,229,0
248,133,139,114,175,1
188,20,189,74,26,0
168,121,145,72,235,1
160,69,93,77,11,0
177,95,235,254,66,1
116,104,239,8,29,0
195,47,228,230,95,1
126,234,62,47,214,1
233,38,83,66,193,1
248,30,24,220,134,1
70,233,11,210,33,1
85,9,148,163,31,0
246,29,24,223,116,1
32,248,10,198,38,0
80,243,63,118,95,1
151,17,200,219,170,1
60,187,125,171,170,1
60,87,49,253,205,0
97,243,189,209,130,1
27,124,254,187,173,1
185,72,88,190,159,1
42,222,98,132,42,0
168,14,115,214,227,1
166,3,95,118,80,0
85,190,176,85,239,1
176,167,13,217,2,1
16,8,0,105,248,0
97,108,208,75,73,0
197,136,24,39,116,0
237,153,186,18,62,1
197,131,71,46,110,1
97,208,68,64,39,0
64,15,132,194,17,0
73,142,104,218,66,1
84,98,226,145,102,1
4,120,146,177,189,0
1,51,22,29,137,0
21,68,8,125,179,0
111,246,117,65,200,1
56,4,93,4,45,0
65,19,177,92,54,0
73,78,143,96,173,0
97,145,32,169,74,0
143,110,129,211,187,1
111,1,13,93,96,0
178,92,237,105,227,1
124,12,0,132,25,0
166,3,89,177,154,0
85,169,185,84,165,1
75,108,88,57,21,0
87,73,143,78,25,0
238,188,206,211,213,1
167,94,89,7,196,0
37,104,174,240,162,1
187,7,171,158,193,1
58,66,207,11,226,0
137,239,13,148,72,1
98,190,220,93,114,1
191,109,151,189,50,1
242,255,110,90,112,1
62,8,182,235,145,0
48,221,142,217,170,1
191,116,82,32,11,0
31,10,71,153,2,0
134,98,161,217,209,1
20,228,129,99,119,0
19,252,26,167,229,1
153,41,73,192,134,0
126,140,98,186,224,1
67,163,214,14,133,0
109,119,240,113,81,1
115,140,71,128,44,0
213,11,219,10,126,0
142,36,22,54,85,0
119,73,67,1,114,0
231,251,141,64,166,1
212,247,190,222,178,1
78,72,116,171,8,0
213,51,105,15,226,0
115,198,92,245,150,1
91,129,64,149,11,0
13,245,67,105,115,0
154,55,127,145,87,0
124,59,62,174,61,0
232,22,223,208,241,1
167,102,224,29,103,1
57,39,112,9,72,0
27,63,89,226,76,0
25,230,80,185,39,0
112,84,102,61,181,0
190,150,214,84,233,1
65,156,191,207,208,1
152,205,159,133,134,1
247,217,115,66,16,1
253,178,206,40,118,1
130,196,12,170,125,1
199,246,251,212,177,1
43,222,193,204,23,1
96,88,123,17,1,0
41,30,146,57,226,0
243,177,151,245,252,1
226,19,236,59,91,1
5,235,87,87,210,0
166,182,10,26,160,0
179,208,186,245,148,1
22,236,213,67,116,1
88,129,14,21,201,0
122,152,9,151,52,0
177,12,40,39,45,0
170,121,154,108,44,1
146,102,187,73,8,0
196,219,72,65,229,1
50,105,51,167,5,0
10,118,127,5,50,0
247,69,27,111,244,1
11,194,64,17,233,0
73,185,16,80,118,0
7,98,94,101,34,0
151,81,171,236,81,1
251,74,137,214,180,1
219,117,62,109,146,1
40,83,228,29,196,0
163,191,253,121,24,1
228,68,220,148,138,1
84,210,209,61,201,1
71,213,174,137,16,1
54,58,37,119,35,0
136,187,230,106,217,1
46,210,240,140,222,1
142,125,69,75,95,0
175,110,103,8,20,0
237,61,203,195,17,1
103,143,52,38,187,0
209,127,205,23,145,1
41,215,171,124,0,0
59,104,118,117,141,0
211,67,73,33,135,0
197,14,53,230,193,1
11,216,19,60,50,0
129,235,78,168,78,1
6,182,30,132,187,0
79,34,134,78,161,0
130,182,57,49,35,0
108,13,104,131,61,0
2,176,9,50,128,0
26,210,9,51,242,0
113,101,239,121,84,1
106,99,252,166,41,1
39,6,38,249,0,0
229,29,155,7,223,1
160,210,157,112,211,1
219,48,36,44,53,0
128,216,118,87,174,1
246,143,66,244,99,1
255,110,241,27,38,1
7,245,42,118,157,0
100,231,206,106,6,1
159,178,212,26,149,1
123,71,51,192,120,0
175,209,100,161,177,1
106,219,55,80,44,0
100,79,75,100,73,0
3,243,67,61,119,0
221,82,238,61,71,1
197,41,136,165,218,1
109,16,230,25,137,0
245,190,105,120,141,1
18,172,124,23,45,0
31,204,91,38,122,0
136,6,22,123,243,0
11,154,190,20,117,0
138,9,108,93,74,0
45,33,60,174,5,0
118,35,167,114,20,0
15,152,43,175,189,0
128,5,213,120,224,0
62,151,151,12,146,0
108,145,178,228,102,1
118,214,185,130,87,1
244,133,217,159,209,1
20,28,221,162,98,0
157,125,160,18,243,1
12,152,15,141,61,0
161,182,21,175,106,1
3,80,240,213,228,1
155,173,56,80,82,1
101,151,61,122,180,0
249,74,241,67,151,1
222,25,106,172,55,1
58,126,209,231,189,1
246,114,70,18,161,1
127,125,241,63,21,1
26,225,89,100,67,0
68,27,71,65,184,0
24,130,69,206,9,0
130,74,29,65,65,0
96,165,102,74,7,0
195,188,150,44,224,1
24,77,31,86,122,0
147,178,85,201,37,1
161,89,233,66,234,1
153,175,234,196,122,1
125,20,56,2,61,0
253,53,108,165,155,1
132,183,8,204,137,1
226,102,30,169,44,1
188,221,70,210,64,1
219,58,136,167,225,1
220,71,12,177,66,1
8,178,185,162,136,1
115,19,130,23,132,0
229,111,34,87,105,1
177,223,224,16,137,1
133,213,20,39,139,0
210,58,63,201,81,1
59,70,94,193,57,0
171,136,179,171,148,1
120,108,33,150,148,0
138,128,223,5,192,1
193,156,120,193,130,1
174,190,162,148,68,1
107,199,14,118,88,0
107,55,119,119,249,0
200,245,95,34,63,1
212,195,5,112,176,1
215,34,253,28,71,1
225,122,108,6,16,0
213,130,212,220,72,1
130,245,96,52,159,1
75,236,31,164,69,1
219,103,179,22,112,1
29,6,82,96,231,0
217,26,224,135,20,1
239,0,155,75,134,1
20,218,222,237,6,1
155,207,212,175,110,1
247,229,117,9,230,1
217,198,225,206,245,1
189,171,191,116,26,1
160,86,78,23,7,0
212,40,77,217,200,1
162,122,146,174,27,1
179,74,106,233,206,1
33,41,125,180,193,0
40,116,14,251,198,0
50,160,133,38,46,0
174,177,243,249,209,1
81,62,72,194,85,0
57,227,100,65,241,1
74,164,211,5,9,0
184,232,97,20,245,1
22,186,165,72,113,0
175,126,25,73,32,0
127,208,209,35,134,1
149,226,91,250,130,1
16,175,124,130,13,0
68,132,246,232,171,1
107,47,178,215,45,0
138,223,72,213,60,1
93,2,223,240,163,1
14,115,122,205,12,0
90,174,52,169,15,0
162,189,183,172,207,1
32,98,186,43,245,0
211,115,197,90,132,1
124,13,77,160,243,0
15,190,91,59,216,0
161,111,185,213,37,1
65,252,87,92,229,1
226,60,252,210,177,1
167,158,12,82,37,0
247,94,42,197,102,1
155,16,75,236,55,0
46,123,50,82,62,0
166,23,18,76,253,0
197,115,148,250,119,1
200,150,218,25,47,1
147,81,121,213,104,1
123,49,210,20,217,0
0,245,23,227,58,0
199,205,25,119,76,1
246,241,172,129,171,1
86,78,155,174,242,1
127,78,237,107,217,1
190,69,119,157,126,1
66,26,81,26,54,0
3,14,235,70,54,0
185,49,99,147,128,1
152,35,233,49,135,0
46,246,156,94,126,1
37,7,16,22,131,0
142,78,67,140,84,0
190,130,43,80,253,1
20,189,236,131,213,1
226,46,60,248,114,1
56,204,122,141,180,1
116,104,92,19,57,0
180,97,195,123,36,1
45,215,73,12,48,0
243,231,152,2,66,1
141,95,222,217,18,1
227,188,66,217,128,1
203,159,110,209,28,1
144,255,1,223,86,1
38,221,248,205,32,1
136,115,88,174,118,1
98,240,176,130,179,1
251,12,197,128,168,1
76,0,25,89,150,0
206,33,199,151,132,1
209,189,98,240,70,1
114,78,26,34,184,0
224,235,88,13,249,1
133,77,145,194,133,1
250,120,181,140,176,1
218,92,0,174,21,1
150,97,188,49,240,1
186,81,239,77,76,1
90,245,102,212,203,1
97,198,130,153,3,1
119,220,246,2,253,1
45,246,195,178,71,1
37,158,40,39,191,0
141,191,164,195,164,1
99,252,50,163,158,1
244,152,14,50,164,1
71,37,7,234,127,0
189,13,37,0,44,0
34,135,113,103,217,0
146,90,82,238,234,1
29,53,55,160,135,0
254,129,174,134,167,1
77,208,217,116,224,1
250,100,102,115,236,1
83,205,137,51,92,0
112,88,101,119,4,0
24,55,77,138,155,0
167,93,176,154,244,1
87,92,168,252,103,1
13,83,82,141,80,0
153,84,29,85,246,0
101,188,4,207,86,1
214,244,118,45,236,1
149,21,222,75,136,0
175,34,198,240,129,1
248,228,210,237,62,1
82,15,30,9,223,0
109,49,179,151,50,0
178,121,249,60,115,1
130,127,230,237,112,1
169,112,215,17,30,0
18,170,225,85,6,0
200,16,248,136,157,1
27,79,22,144,185,0
211,185,47,229,2,1
172,246,108,127,50,1
70,129,39,103,242,0
205,131,5,185,55,1
62,84,37,140,72,0
72,166,168,177,9,1
250,225,99,100,60,1
123,93,26,5,237,0
118,133,202,84,49,1
120,80,68,50,121,0
251,230,56,35,174,1
18,216,16,70,217,0
174,68,243,99,0,1
243,68,70,24,221,1
141,147,218,138,184,1
119,191,46,43,37,0
165,15,248,13,189,0
180,50,78,236,78,1
60,104,109,28,88,0
163,164,12,73,197,1
167,231,138,49,81,1
208,200,123,239,192,1
29,196,108,4,189,0
8,169,89,199,183,0
63,184,85,109,66,0
160,65,91,196,16,0
119,8,23,121,126,0
51,106,220,251,111,1
88,99,72,87,135,0
141,85,233,231,59,1
202,63,3,56,240,0
52,213,112,25,39,0
226,21,45,5,208,0
232,161,247,143,88,1
186,182,17,59,189,1
77,156,42,99,40,0
221,165,207,11,139,1
40,250,160,74,220,1
195,109,92,2,216,1
250,96,102,62,114,1
67,17,123,235,99,0
219,70,9,191,116,1
7,192,72,189,181,0
1,126,186,228,88,0
104,96,30,133,92,0
124,0,155,18,138,0
109,215,59,17,59,0
85,131,248,79,67,0
168,3,130,214,77,1
119,124,117,170,45,1
126,81,182,228,37,1
254,26,13,72,188,0
182,170,185,254,16,1
15,58,216,130,65,0
220,31,142,125,199,1
61,160,1,254,35,0
112,27,23,71,73,0
175,105,205,37,6,0
157,104,63,67,227,0
11,182,239,203,15,1
34,227,198,171,13,1
10,187,99,222,79,0
63,69,113,216,24,0
237,61,23,244,104,1
49,207,154,79,3,0
212,33,164,190,156,1
254,86,229,41,126,1
148,113,221,63,55,1
68,105,90,181,5,0
47,215,166,77,128,1
19,55,190,254,254,1
100,112,206,126,166,1
194,12,25,204,128,0
171,183,64,104,114,1
160,17,119,198,231,1
244,181,3,75,190,1
252,204,156,164,56,1
200,112,248,241,194,1
188,228,0,131,64,1
136,170,234,129,64,1
67,38,49,226,102,0
34,188,109,121,20,0
208,169,213,43,236,1
225,208,138,194,157,1
215,78,73,195,223,1
223,145,186,101,32,1
64,150,61,203,175,1
7,181,80,210,21,0
44,242,163,201,221,1
86,29,55,61,181,0
174,249,110,0,109,1
167,97,217,16,3,0
75,57,239,15,214,0
181,195,20,8,182,1
75,66,140,248,171,1
173,70,8,180,216,1
46,247,138,200,139,1
14,145,202,58,208,0
104,105,69,118,244,0
146,6,128,136,206,0
25,39,117,139,73,0
51,69,197,118,226,0
92,213,204,40,118,1
149,249,213,142,243,1
231,192,55,65,179,1
20,67,30,74,92,0
50,237,213,10,203,1
37,48,36,7,64,0
19,51,174,182,64,0
248,113,90,223,9,1
156,106,113,133,145,1
178,28,243,180,46,1
131,148,205,147,65,1
54,217,127,166,48,1
198,77,174,98,199,1
91,8,121,71,21,0
27,250,68,241,85,1
3,174,185,112,25,0
149,75,35,106,217,0
75,41,31,33,136,0
172,178,225,56,148,1
66,183,63,116,94,0
85,178,198,250,243,1
235,197,169,119,190,1
193,127,47,146,106,1
215,19,201,70,133,1
161,215,241,158,247,1
90,154,80,209,13,1
182,165,157,39,160,1
104,71,148,141,70,0
0,64,59,102,151,0
71,181,140,123,200,1
86,240,0,244,74,1
165,112,64,251,119,1
5,23,238,122,214,0
213,127,32,99,111,1
152,174,37,208,50,1
209,198,24,164,129,1
144,82,153,171,142,1
60,213,204,136,162,1
11,62,58,57,35,0
5,184,219,147,243,1
217,182,160,108,117,1
26,59,100,120,219,0
135,98,126,91,166,0
210,61,40,49,235,0
123,29,157,147,3,0
105,220,56,104,191,1
192,21,176,163,201,1
184,202,47,116,5,1
92,211,71,26,184,0
108,125,176,199,157,1
240,156,174,31,245,1
98,242,55,0,109,0
167,168,64,16,98,0
141,41,11,248,240,1
34,97,68,136,234,0
175,192,215,83,201,1
236,30,255,44,121,1
83,157,133,223,252,1
55,111,88,65,116,0
176,145,192,31,95,1
140,246,24,44,233,1
188,121,0,8,233,0
229,16,159,29,66,0
48,37,233,83,119,0
45,141,233,165,217,1
112,214,130,59,14,0
189,216,48,0,16,0
135,206,146,251,218,1
42,109,59,248,17,0
147,183,234,4,114,1
123,21,156,62,146,0
96,194,177,226,75,1
89,55,1,163,87,0
38,118,72,64,196,0
84,146,183,77,151,0
244,56,144,200,90,1
176,171,187,221,47,1
191,225,109,151,157,1
61,34,163,131,14,0
105,113,60,113,174,0
106,124,16,205,122,0
53,128,48,216,229,1
125,51,75,195,126,0
232,84,187,24,171,1
8,220,147,201,97,1
87,197,177,226,154,1
36,164,130,246,83,1
48,64,42,134,191,0
40,178,56,233,40,0
16,128,49,140,95,0
87,218,195,195,67,1
20,20,208,241,4,0
50,180,177,42,52,0
58,15,36,56,121,0
166,235,45,163,135,1
182,122,169,247,21,1
40,60,14,141,105,0
38,53,160,209,6,0
140,167,79,71,149,1
191,25,138,223,45,1
10,79,246,26,29,0
237,219,147,127,125,1
146,64,229,105,100,1
138,99,23,164,143,0
76,73,124,214,78,0
126,191,191,70,132,1
45,170,117,203,66,1
44,16,79,152,22,0
0,120,93,66,188,0
167,186,225,89,73,1
107,22,64,3,4,0
18,134,87,105,150,0
75,171,87,227,206,1
71,180,200,78,81,0
199,70,213,95,24,1
188,107,203,92,7,1
244,78,144,73,222,1
108,161,125,212,148,1
11,45,88,125,1,0
188,236,219,245,21,1
239,195,60,15,71,1
160,205,14,238,86,1
44,77,93,146,223,0
89,15,50,156,71,0
102,70,26,115,67,0
219,95,213,178,63,1
249,146,73,17,93,1
196,1,60,185,18,0
7,9,185,171,127,0
152,177,30,248,86,1
90,124,218,15,81,0
173,80,11,192,253,1
86,228,45,239,180,1
157,139,158,129,220,1
236,69,31,55,86,0
174,149,159,78,96,1
214,31,232,102,51,1
176,104,250,27,174,1
174,83,236,192,81,1
83,128,226,4,181,0
81,181,180,105,171,1
145,238,60,21,96,1
193,244,45,116,134,1
67,57,84,99,114,0
221,197,201,237,91,1
160,210,79,12,0,0
126,145,134,64,62,0
163,133,3,143,247,1
81,44,218,246,230,1
228,96,51,232,225,1
146,22,246,85,166,0
238,22,216,63,18,1
155,153,158,31,30,0
167,204,202,79,76,1
83,134,111,50,120,0
112,78,211,78,23,0
224,43,35,185,68,1
75,26,181,173,214,0
121,25,53,179,210,0
242,96,118,105,192,1
142,206,126,244,160,1
40,35,16,62,254,0
166,108,236,75,58,1
1,54,74,59,113,0
190,191,157,64,247,1
28,218,226,116,160,1
104,184,104,80,159,1
201,68,229,104,186,1
193,60,149,127,219,1
50,129,116,182,100,0
74,54,42,242,168,0
204,121,111,184,11,1
9,96,114,241,200,0
141,79,26,219,241,1
209,86,36,70,118,0
50,37,45,200,138,0
117,118,112,85,96,0
200,207,34,153,146,1
120,77,131,244,181,1
38,156,79,139,56,0
27,153,79,70,41,0
2,34,212,45,97,0
83,78,153,46,198,0
197,66,120,78,30,0
154,86,227,165,179,1
116,156,146,148,1,1
1,33,121,141,210,0
92,96,80,129,165,0
165,168,172,199,31,1
130,168,153,126,137,1
143,150,149,108,104,1
93,70,118,118,255,0
39,2,57,197,135,0
1,57,62,228,217,0
80,31,247,100,221,0
168,30,155,248,74,1
253,81,192,160,104,1
11,42,171,255,147,0
162,134,99,232,251,1
234,104,170,5,147,1
64,0,164,243,126,0
54,60,65,217,8,0
44,13,144,125,199,0
206,179,167,102,251,1
217,223,165,232,14,1
100,5,84,36,225,0
212,102,188,141,215,1
61,9,136,36,96,0
48,70,204,7,104,0
126,89,202,230,232,1
222,225,188,76,236,1
152,157,207,140,62,1
22,227,143,39,231,0
151,148,122,106,218,1
248,125,1,91,20,1
37,187,105,185,4,0
27,208,107,17,124,0
20,96,71,56,162,0
181,73,170,82,84,1
106,114,125,165,195,1
145,190,169,31,112,1
163,238,204,213,175,1
98,169,56,193,79,1
172,50,80,251,248,1
118,191,230,204,222,1
72,203,215,214,217,1
180,55,194,24,189,1
229,207,157,219,115,1
121,40,243,185,162,1
29,31,140,202,197,0
187,14,18,32,96,0
107,61,6,87,20,0
97,154,136,193,79,1
31,27,210,157,238,0
194,208,236,208,38,1
194,63,53,103,161,0
155,237,103,33,233,1
171,186,85,101,120,1
78,241,81,126,123,1
40,185,60,213,142,1
62,129,86,68,5,0
22,126,1,175,193,0
103,35,177,39,215,0
74,113,241,178,55,1
47,198,202,79,48,0
159,12,30,140,91,0
249,14,32,217,128,1
250,88,205,30,64,1
56,214,79,115,27,0
117,187,10,166,99,1
99,21,160,62,147,0
123,255,253,47,175,1
160,190,127,86,71,1
151,217,134,47,64,1
166,224,127,60,217,1
33,202,30,139,50,0
183,73,252,77,170,1
155,24,175,183,48,1
164,100,125,17,152,0
6,175,237,154,73,0
195,170,46,27,203,1
164,116,205,209,168,1
55,165,219,79,198,1
64,40,180,179,191,0
192,172,106,15,188,1
46,87,207,76,11,0
147,167,18,185,238,1
18,109,80,220,103,0
156,119,122,136,80,1
201,96,217,25,196,1
187,144,133,27,126,1
145,215,106,104,13,1
219,228,48,76,33,1
162,56,72,252,47,1
170,129,49,163,60,1
238,95,80,8,208,1
222,120,94,174,34,1
218,251,11,205,118,1
125,61,22,50,64,0
138,215,53,75,58,1
48,136,117,244,241,1
112,67,253,121,241,1
37,80,196,184,35,0
63,16,234,31,206,0
68,116,227,229,251,1
135,49,58,194,146,0
161,111,163,249,242,1
175,93,2,56,41,0
115,167,57,53,68,0
183,185,215,115,146,1
203,202,182,143,106,1
229,84,56,61,38,0
64,148,144,83,68,0
30,145,166,223,179,1
131,182,89,55,11,0
112,156,195,22,82,0
108,151,54,16,174,0
177,73,44,207,203,1
68,108,203,165,35,0
157,144,0,199,125,1
119,17,20,210,62,0
87,41,210,157,75,0
186,239,20,248,81,1
66,211,51,185,240,1
74,100,81,225,50,0
44,44,170,77,239,0
3,81,179,21,42,0
153,16,66,107,33,0
154,72,252,16,239,1
173,13,112,251,96,1
245,176,43,250,48,1
106,156,159,14,145,0
191,222,9,113,124,1
218,131,63,47,188,1
233,81,231,159,56,1
50,250,206,204,92,1
49,147,68,212,108,0
5,119,67,112,4,0
58,119,249,167,216,1
124,46,27,96,23,0
142,106,180,252,220,1
244,107,115,184,191,1
29,8,50,185,58,0
169,204,180,90,37,1
228,78,3,226,160,1
121,154,78,15,9,0
124,14,16,155,164,0
36,219,107,97,251,1
169,228,194,110,224,1
123,246,73,0,214,1
100,18,174,40,249,0
34,89,233,47,125,0
86,179,183,158,10,1
133,25,22,163,23,0
195,216,17,107,87,1
17,153,128,160,198,0
251,153,34,160,113,1
200,173,63,102,20,1
112,91,244,127,147,1
28,176,185,209,244,1
76,81,222,150,9,0
58,223,58,187,216,1
174,180,235,254,174,1
125,130,0,214,227,1
243,193,130,206,239,1
144,224,66,217,174,1
108,41,36,29,142,0
223,18,210,216,171,1
239,16,28,44,231,0
21,235,88,79,231,0
67,160,160,38,241,0
68,75,99,239,189,1
164,176,188,44,133,1
232,183,220,77,228,1
48,62,121,80,65,0
140,130,89,139,203,1
161,106,131,92,121,1
108,48,240,31,131,0
85,54,13,183,22,0
52,153,241,23,12,0
122,98,218,115,208,1
86,199,160,12,158,0
178,51,149,247,15,1
130,99,175,147,40,1
41,116,130,78,217,0
97,117,214,55,219,1
159,6,84,52,0,0
108,45,232,67,110,0
50,45,150,181,11,0
249,99,195,33,228,1
240,143,20,27,118,1
84,151,228,49,183,1
173,188,170,129,177,1
126,53,222,248,19,1
235,61,212,110,193,1
20,128,25,93,35,0
43,48,40,153,78,0
138,24,121,178,165,0
102,9,226,46,149,0
67,117,37,25,107,0
242,207,87,83,188,1
128,143,10,105,177,0
91,185,232,91,95,1
190,199,28,119,58,1
23,156,238,211,19,1
124,230,246,74,163,1
226,91,59,121,125,1
140,133,194,201,96,1
110,143,192,188,142,1
97,147,243,150,61,1
138,79,60,164,241,1
227,70,245,40,237,1
178,232,146,51,130,1
252,77,173,210,92,1
16,42,176,236,238,0
98,153,21,81,90,0
251,89,77,176,132,1
81,77,112,154,122,0
103,198,184,133,183,1
213,160,122,73,158,1
248,25,141,65,85,1
151,120,43,23,162,0
249,44,143,165,117,1
18,211,96,27,198,0
164,62,76,155,197,1
230,194,229,116,25,1
84,179,240,236,117,1
7,67,139,113,0,0
27,252,54,230,210,1
4,153,50,193,6,0
144,202,101,60,163,1
100,1,166,173,75,0
163,141,160,68,211,1
117,107,160,113,86,0
146,29,28,74,152,0
254,48,68,201,93,1
63,139,197,170,186,1
90,217,158,58,60,1
116,43,79,129,28,0
97,160,30,14,94,0
10,12,216,230,17,0
53,77,111,104,40,0
172,215,45,164,146,1
46,125,96,198,245,1
139,97,204,147,131,1
245,235,51,97,192,1
148,25,137,34,40,0
245,148,215,161,122,1
138,155,73,244,142,1
230,47,40,213,181,1
219,227,222,30,191,1
4,167,76,126,199,0
208,65,130,214,142,1
183,233,186,18,206,1
19,200,113,195,177,1
168,86,51,23,230,0
45,78,161,83,21,0
249,204,176,166,145,1
11,22,155,91,79,0
69,80,210,181,129,1
16,253,86,166,35,0
114,47,108,144,19,0
146,123,223,146,143,1
153,129,140,117,66,1
47,83,224,175,119,0
107,19,225,162,157,0
235,186,224,159,54,1
51,45,247,174,65,0
95,130,68,237,226,1
69,182,119,46,25,0
254,11,66,255,184,1
182,39,60,191,252,1
249,65,187,173,196,1
227,255,70,102,129,1
101,99,151,120,242,1
74,77,190,162,55,0
160,15,213,93,211,1
189,82,236,144,189,1
215,161,188,41,33,1
150,43,150,110,225,1
142,252,29,28,245,1
154,237,187,197,55,1
202,133,145,123,54,1
191,204,95,16,19,1
248,191,55,208,49,1
242,99,52,13,152,1
241,21,6,151,83,0
208,17,96,184,152,1
178,11,196,49,52,0
180,179,112,56,141,1
205,122,219,228,187,1
218,245,124,188,110,1
81,221,199,103,235,1
91,116,206,38,170,0
